,Neighborhood,Neighborhood Latitude,Neighborhood Longitude,Venue,Venue Latitude,Venue Longitude,Venue Category
0,Colaba,18.915091,72.8259691,Charagh Din,18.91525418,72.82415147,Men's Store
1,Colaba,18.915091,72.8259691,IMBISS Meating Joint,18.91715727,72.82701804,German Restaurant
2,Colaba,18.915091,72.8259691,Thai Pavilion,18.91424639,72.8210804,Thai Restaurant
3,Colaba,18.915091,72.8259691,Theobroma,18.91929831,72.82918453,Dessert Shop
4,Colaba,18.915091,72.8259691,Vivanta by Taj - President,18.91441306,72.82102774,Hotel
5,Colaba,18.915091,72.8259691,New Martin,18.9186242,72.82951217,Indian Restaurant
6,Colaba,18.915091,72.8259691,Café Basilico,18.91860902,72.83048427,Diner
7,Colaba,18.915091,72.8259691,Jiva Spa,18.9143518,72.82105553,Spa
8,Colaba,18.915091,72.8259691,Trattoria,18.91486346,72.82082104,Italian Restaurant
9,Colaba,18.915091,72.8259691,Konkan Cafe,18.9143613,72.821059,Indian Restaurant
10,Colaba,18.915091,72.8259691,Mezban Restaurant,18.91853273,72.83093004,Indian Restaurant
11,Colaba,18.915091,72.8259691,Wink,18.91449375,72.82098627,Bar
12,Colaba,18.915091,72.8259691,Jean Claude Biguine Salon,18.91486657,72.82384269,Spa
13,Colaba,18.915091,72.8259691,Koyla - Ethnic Cuisine,18.91834648,72.830996,Indian Restaurant
14,Colaba,18.915091,72.8259691,Cafe Coffee Day,18.9152437,72.82415953,Coffee Shop
15,Colaba,18.915091,72.8259691,Mad Over Donuts,18.91920904,72.82942671,Donut Shop
16,Colaba,18.915091,72.8259691,Paradise,18.91872199,72.82887818,Diner
17,Colaba,18.915091,72.8259691,Saizen,18.91731159,72.83119521,Japanese Restaurant
18,Colaba,18.915091,72.8259691,Doolally Taproom,18.91516444,72.8241195,Brewery
19,Colaba,18.915091,72.8259691,Kailash Parbat,18.91855834,72.82851976,Indian Restaurant
20,Colaba,18.915091,72.8259691,Gable's,18.91885649,72.82806188,Restaurant
21,Colaba,18.915091,72.8259691,The Pier,18.91733593,72.83133369,Restaurant
22,Colaba,18.915091,72.8259691,Sizzling China,18.91332491,72.82298152,Chinese Restaurant
23,Colaba,18.915091,72.8259691,Bungalow 8,18.91881744,72.82997774,Furniture / Home Store
24,Colaba,18.915091,72.8259691,Sufra,18.91892884,72.82800501,Middle Eastern Restaurant
25,Colaba,18.915091,72.8259691,Domino's Pizza,18.913,72.823,Pizza Place
26,Colaba,18.915091,72.8259691,Madras Cafe,18.91830407,72.82836746,Café
27,Colaba,18.915091,72.8259691,Cafe Coffee Day,18.91882631,72.83021431,Coffee Shop
28,Colaba,18.915091,72.8259691,Barista creme,18.91871911,72.8303463,Coffee Shop
29,Colaba,18.915091,72.8259691,Fariyas Hotel,18.91706902,72.83000871,Hotel
30,Colaba,18.915091,72.8259691,5 Fitness Club,18.91346826,72.82093311,Gym
31,Colaba,18.915091,72.8259691,Sahibaan,18.91824864,72.8282931,Chinese Restaurant
32,Colaba,18.915091,72.8259691,Colaba Fruit Market,18.917294,72.82855,Farmers Market
33,Colaba,18.915091,72.8259691,Colaba Bus Station,18.91297678,72.82280553,Airport Service
34,Colaba,18.915091,72.8259691,Cloud 9,18.9190633,72.83049944,Pub
35,Apollo Bandar,18.9183748,72.8314429,Café Basilico,18.91860902,72.83048427,Diner
36,Apollo Bandar,18.9183748,72.8314429,New Martin,18.9186242,72.82951217,Indian Restaurant
37,Apollo Bandar,18.9183748,72.8314429,Theobroma,18.91929831,72.82918453,Dessert Shop
38,Apollo Bandar,18.9183748,72.8314429,Harbor View,18.91875033,72.83189079,Bar
39,Apollo Bandar,18.9183748,72.8314429,"Sea Lounge, Taj Mahal Palace Hotel",18.92150341,72.83329756,Lounge
40,Apollo Bandar,18.9183748,72.8314429,Mezban Restaurant,18.91853273,72.83093004,Indian Restaurant
41,Apollo Bandar,18.9183748,72.8314429,Sea Palace,18.91907624,72.83201568,Hotel
42,Apollo Bandar,18.9183748,72.8314429,Piccadilly,18.92142529,72.83093565,Falafel Restaurant
43,Apollo Bandar,18.9183748,72.8314429,Koyla - Ethnic Cuisine,18.91834648,72.830996,Indian Restaurant
44,Apollo Bandar,18.9183748,72.8314429,Taj Mahal Palace & Tower,18.92230601,72.83357809,Hotel
45,Apollo Bandar,18.9183748,72.8314429,Starbucks,18.92158273,72.83242684,Coffee Shop
46,Apollo Bandar,18.9183748,72.8314429,Colaba Market,18.92092813,72.83095864,Flea Market
47,Apollo Bandar,18.9183748,72.8314429,Colaba Social,18.92169952,72.83246678,Cocktail Bar
48,Apollo Bandar,18.9183748,72.8314429,Modern juice centre,18.918485,72.83120829,Juice Bar
49,Apollo Bandar,18.9183748,72.8314429,Pa Pa Ya (Colaba),18.921456,72.832337,Asian Restaurant
50,Apollo Bandar,18.9183748,72.8314429,Café Marina,18.91906673,72.83202533,Café
51,Apollo Bandar,18.9183748,72.8314429,Wasabi by Morimoto,18.92201186,72.83366279,Japanese Restaurant
52,Apollo Bandar,18.9183748,72.8314429,Café Churchill,18.92016732,72.83013614,Café
53,Apollo Bandar,18.9183748,72.8314429,Shamiana,18.92191912,72.83274813,Indian Restaurant
54,Apollo Bandar,18.9183748,72.8314429,Leopold Café,18.9228279,72.83170854,Café
55,Apollo Bandar,18.9183748,72.8314429,La Patisserie,18.92203303,72.83312814,Bakery
56,Apollo Bandar,18.9183748,72.8314429,Gateway of India,18.921856,72.834877,Monument / Landmark
57,Apollo Bandar,18.9183748,72.8314429,The Harbour Bar,18.92203038,72.83361736,Cocktail Bar
58,Apollo Bandar,18.9183748,72.8314429,Souk,18.92243392,72.83393382,Mediterranean Restaurant
59,Apollo Bandar,18.9183748,72.8314429,Mad Over Donuts,18.91920904,72.82942671,Donut Shop
60,Apollo Bandar,18.9183748,72.8314429,Bayview Cafe,18.91876769,72.83194516,Bar
61,Apollo Bandar,18.9183748,72.8314429,Le15 Cafe,18.923709,72.832735,Café
62,Apollo Bandar,18.9183748,72.8314429,Golden Dragon,18.92193304,72.8336661,Chinese Restaurant
63,Apollo Bandar,18.9183748,72.8314429,PizzaExpress Colaba,18.92389908,72.83345215,Pizza Place
64,Apollo Bandar,18.9183748,72.8314429,Saizen,18.91731159,72.83119521,Japanese Restaurant
65,Apollo Bandar,18.9183748,72.8314429,IMBISS Meating Joint,18.91715727,72.82701804,German Restaurant
66,Apollo Bandar,18.9183748,72.8314429,Jiva Spa,18.92192744,72.83284541,Spa
67,Apollo Bandar,18.9183748,72.8314429,Havana Cafe & Bar,18.92403456,72.83274722,Bar
68,Apollo Bandar,18.9183748,72.8314429,Abode Bombay,18.923741,72.83254525,Hotel
69,Apollo Bandar,18.9183748,72.8314429,Gokul Restaurant and Bar,18.92311642,72.83236247,Bar
70,Apollo Bandar,18.9183748,72.8314429,Delhi Darbar,18.92364033,72.83183747,Mughlai Restaurant
71,Apollo Bandar,18.9183748,72.8314429,The Pier,18.91733593,72.83133369,Restaurant
72,Apollo Bandar,18.9183748,72.8314429,Zodiac Grill,18.92251807,72.83345785,Restaurant
73,Apollo Bandar,18.9183748,72.8314429,Paradise,18.91872199,72.82887818,Diner
74,Apollo Bandar,18.9183748,72.8314429,Bungalow 8,18.91881744,72.82997774,Furniture / Home Store
75,Apollo Bandar,18.9183748,72.8314429,Baghdadi,18.9229239,72.8323576,Mughlai Restaurant
76,Apollo Bandar,18.9183748,72.8314429,Bademiya,18.92358758,72.83254945,Halal Restaurant
77,Apollo Bandar,18.9183748,72.8314429,Kailash Parbat,18.91855834,72.82851976,Indian Restaurant
78,Apollo Bandar,18.9183748,72.8314429,Ling's Pavilion,18.92378844,72.83250251,Chinese Restaurant
79,Apollo Bandar,18.9183748,72.8314429,Alps Restaurant & Beer Bar,18.92257761,72.83258283,Bar
80,Apollo Bandar,18.9183748,72.8314429,Sancho's Restaurant + Cantina,18.92401099,72.83251804,Mexican Restaurant
81,Apollo Bandar,18.9183748,72.8314429,Wodehouse Gymkhana,18.92220325,72.82757329,Diner
82,Apollo Bandar,18.9183748,72.8314429,"Suko Thai Spa, Hotel Taj Mahel Mumbai",18.92211257,72.83276463,Spa
83,Apollo Bandar,18.9183748,72.8314429,Gable's,18.91885649,72.82806188,Restaurant
84,Apollo Bandar,18.9183748,72.8314429,Starboard,18.92247605,72.83342621,Nightclub
85,Apollo Bandar,18.9183748,72.8314429,Cafe Coffee Day,18.91882631,72.83021431,Coffee Shop
86,Apollo Bandar,18.9183748,72.8314429,Barista creme,18.91871911,72.8303463,Coffee Shop
87,Apollo Bandar,18.9183748,72.8314429,Sufra,18.91892884,72.82800501,Middle Eastern Restaurant
88,Apollo Bandar,18.9183748,72.8314429,Strand Hotel Mumbai,18.91875821,72.83197082,Hotel
89,Apollo Bandar,18.9183748,72.8314429,Madras Cafe,18.91830407,72.82836746,Café
90,Apollo Bandar,18.9183748,72.8314429,Fariyas Hotel,18.91706902,72.83000871,Hotel
91,Apollo Bandar,18.9183748,72.8314429,Cloud 9,18.9190633,72.83049944,Pub
92,Apollo Bandar,18.9183748,72.8314429,Bentley's Hotel,18.91964144,72.83086055,Hotel
93,Apollo Bandar,18.9183748,72.8314429,Sahibaan,18.91824864,72.8282931,Chinese Restaurant
94,Apollo Bandar,18.9183748,72.8314429,Gordon House Hotel,18.92402119,72.83281153,Hotel
95,Apollo Bandar,18.9183748,72.8314429,Di Bella,18.91865159,72.83041319,Coffee Shop
96,Apollo Bandar,18.9183748,72.8314429,hotel harbourview,18.91869845,72.83201337,Hotel
97,Apollo Bandar,18.9183748,72.8314429,Gateway Of India Sidewalk,18.91964742,72.83238382,Harbor / Marina
98,Apollo Bandar,18.9183748,72.8314429,Garage Inc. Public House,18.919511,72.830323,Cocktail Bar
99,Apollo Bandar,18.9183748,72.8314429,Tavern and Beyond,18.91704512,72.82996668,Cocktail Bar
100,Apollo Bandar,18.9183748,72.8314429,Kuai,18.91884206,72.82804869,Asian Restaurant
101,Apollo Bandar,18.9183748,72.8314429,Big Tom,18.91659803,72.82755433,Toy / Game Store
102,Apollo Bandar,18.9183748,72.8314429,Volare,18.91771093,72.82717036,Hookah Bar
103,Apollo Bandar,18.9183748,72.8314429,APM Deck @ Gateway of India,18.92217447,72.83394747,Boat or Ferry
104,Apollo Bandar,18.9183748,72.8314429,"Boat ride, gateway of india",18.92184659,72.83465243,Harbor / Marina
105,Apollo Bandar,18.9183748,72.8314429,Leo's Boulangerie,18.91641315,72.82674075,Dessert Shop
106,Apollo Bandar,18.9183748,72.8314429,Chhatrapati Shivaji Monument,18.92271293,72.83417249,Sculpture Garden
107,Apollo Bandar,18.9183748,72.8314429,Jetty - Gateway of India,18.92255775,72.83463985,Boat or Ferry
108,Apollo Bandar,18.9183748,72.8314429,Out On The Ocean,18.92177958,72.83581114,Boat or Ferry
109,Fort,18.9332665,72.8345146,Starbucks,18.93218954,72.83395939,Coffee Shop
110,Fort,18.9332665,72.8345146,Yazdani Bakery,18.93319143,72.83359064,Bakery
111,Fort,18.9332665,72.8345146,Mahesh Lunch Home,18.93412061,72.83382112,Indian Restaurant
112,Fort,18.9332665,72.8345146,Food for Thought,18.93203055,72.83166719,Café
113,Fort,18.9332665,72.8345146,Horniman Circle,18.93225912,72.83451869,Park
114,Fort,18.9332665,72.8345146,Pratap Lunch Home,18.93360522,72.83285417,Seafood Restaurant
115,Fort,18.9332665,72.8345146,Ideal Corner,18.93496147,72.83405011,Indian Restaurant
116,Fort,18.9332665,72.8345146,Zara,18.93245331,72.83204218,Clothing Store
117,Fort,18.9332665,72.8345146,Flora Fountain,18.93270397,72.83140293,Monument / Landmark
118,Fort,18.9332665,72.8345146,Kitab Khana,18.93205663,72.83177317,Bookstore
119,Fort,18.9332665,72.8345146,H Parmesha Fast Food Corner,18.93039232,72.83354934,Fast Food Restaurant
120,Fort,18.9332665,72.8345146,Taste of Kerala,18.93420548,72.83321545,Indian Restaurant
121,Fort,18.9332665,72.8345146,Residency Hotel,18.93497787,72.83348094,Hotel
122,Fort,18.9332665,72.8345146,Burma Burma,18.9295903,72.83204264,Asian Restaurant
123,Fort,18.9332665,72.8345146,Bademiya The Kabab Restaurant,18.9313305,72.83498341,Mughlai Restaurant
124,Fort,18.9332665,72.8345146,Trishna,18.92861877,72.83235598,Seafood Restaurant
125,Fort,18.9332665,72.8345146,The Nutcracker,18.92850892,72.83368288,Breakfast Spot
126,Fort,18.9332665,72.8345146,Kala Ghoda Café,18.92851509,72.8323542,Café
127,Fort,18.9332665,72.8345146,Volga Paan Wala,18.93231464,72.83249696,Dessert Shop
128,Fort,18.9332665,72.8345146,Britannia & Co.,18.93468336,72.84018287,Parsi Restaurant
129,Fort,18.9332665,72.8345146,Oye Kake,18.93303362,72.83346286,Indian Restaurant
130,Fort,18.9332665,72.8345146,Royal China,18.93871524,72.83293313,Chinese Restaurant
131,Fort,18.9332665,72.8345146,canara juice,18.93111159,72.83373356,Juice Bar
132,Fort,18.9332665,72.8345146,Bombay Shirt Company,18.92879655,72.83186452,Men's Store
133,Fort,18.9332665,72.8345146,La Folie Patisserie,18.92850403,72.83231471,Dessert Shop
134,Fort,18.9332665,72.8345146,5 Spice,18.93349148,72.8359555,Chinese Restaurant
135,Fort,18.9332665,72.8345146,The Pantry,18.9287747,72.83225648,Deli / Bodega
136,Fort,18.9332665,72.8345146,Town House Cafe,18.93854996,72.83346356,Bar
137,Fort,18.9332665,72.8345146,Apoorva - The seafood capital,18.93313466,72.83452717,Seafood Restaurant
138,Fort,18.9332665,72.8345146,1441 Pizzeria,18.92908108,72.83444401,Pizza Place
139,Fort,18.9332665,72.8345146,Filter,18.9283116,72.83264346,Gift Shop
140,Fort,18.9332665,72.8345146,Cafe Excelsior,18.93770121,72.83356615,Café
141,Fort,18.9332665,72.8345146,Rustico,18.92954139,72.83462998,Vegetarian / Vegan Restaurant
142,Fort,18.9332665,72.8345146,Sher-E-Punjab,18.93794384,72.83785335,Indian Restaurant
143,Fort,18.9332665,72.8345146,145 Kala Ghoda,18.92808836,72.83184438,Café
144,Fort,18.9332665,72.8345146,Golden Dragon,18.9284791,72.83249345,Chinese Restaurant
145,Fort,18.9332665,72.8345146,Punjabi Moti Halwai,18.93276296,72.83338778,Indian Restaurant
146,Fort,18.9332665,72.8345146,theobroma,18.93022024,72.83209173,Dessert Shop
147,Fort,18.9332665,72.8345146,Fountain Sizzlers Restaurant,18.93136615,72.83146171,Steakhouse
148,Fort,18.9332665,72.8345146,Ayub's,18.92838259,72.83295065,Indian Restaurant
149,Fort,18.9332665,72.8345146,Kayani Restaurant,18.9350396,72.83694084,Irani Cafe
150,Fort,18.9332665,72.8345146,Café Universal,18.93602067,72.83745296,Irani Cafe
151,Fort,18.9332665,72.8345146,Hotel Fountain Plaza,18.93567109,72.83402983,Indian Restaurant
152,Fort,18.9332665,72.8345146,Carter's Blue,18.92798494,72.83297064,Fried Chicken Joint
153,Fort,18.9332665,72.8345146,Hotel Deluxe,18.93391483,72.83320482,Indian Restaurant
154,Fort,18.9332665,72.8345146,Jimmy Boy,18.93082433,72.83488776,Parsi Restaurant
155,Fort,18.9332665,72.8345146,Hermes Store,18.93139574,72.8352356,Boutique
156,Fort,18.9332665,72.8345146,The Local,18.92985519,72.83138346,Gastropub
157,Fort,18.9332665,72.8345146,Reserve Bank of India Monetary Museum,18.93415782,72.83609097,History Museum
158,Fort,18.9332665,72.8345146,Dakshin Bar And Kitchen,18.93648945,72.83748977,Seafood Restaurant
159,Fort,18.9332665,72.8345146,Fashion Street,18.93634085,72.83043357,Flea Market
160,Fort,18.9332665,72.8345146,Sterling Cineplex,18.93829644,72.83310356,Multiplex
161,Fort,18.9332665,72.8345146,Bombay Gymkhana,18.9376913,72.83097627,Athletics & Sports
162,Fort,18.9332665,72.8345146,Cafe Military,18.93074586,72.83202047,Fast Food Restaurant
163,Fort,18.9332665,72.8345146,Mocambo Café,18.9342668,72.83369776,Café
164,Fort,18.9332665,72.8345146,The Bar Terminal,18.93033783,72.83342131,Cocktail Bar
165,Fort,18.9332665,72.8345146,The Clearing House,18.93532822,72.83826324,Lounge
166,Fort,18.9332665,72.8345146,Bottle bar,18.93024568,72.83342294,Lounge
167,Fort,18.9332665,72.8345146,Ballard Pier,18.93450882,72.84027697,Plaza
168,Fort,18.9332665,72.8345146,National Hindu,18.93508775,72.84037072,Indian Restaurant
169,Fort,18.9332665,72.8345146,Spices & Flavours,18.93027182,72.83341696,Indian Restaurant
170,Fort,18.9332665,72.8345146,The Royal Bombay Seamen's Club,18.93492891,72.83892569,Hostel
171,Fort,18.9332665,72.8345146,Pancham Puriwala,18.93821428,72.8356971,Indian Restaurant
172,Fort,18.9332665,72.8345146,Dalal street,18.92967283,72.83367051,Plaza
173,Fort,18.9332665,72.8345146,Costa Coffee,18.93517119,72.83361858,Coffee Shop
174,Fort,18.9332665,72.8345146,Fabindia,18.92858156,72.83138759,Clothing Store
175,Fort,18.9332665,72.8345146,Silk Route,18.92805812,72.83187654,Chinese Restaurant
176,Fort,18.9332665,72.8345146,Subway,18.93824967,72.83302651,Sandwich Place
177,Fort,18.9332665,72.8345146,Nico Bombay,18.92874034,72.83384753,Mediterranean Restaurant
178,Fort,18.9332665,72.8345146,Paratha Mantra,18.92880298,72.83225776,Indian Restaurant
179,Fort,18.9332665,72.8345146,Cafe Coffee Day,18.9316799,72.83143759,Coffee Shop
180,Fort,18.9332665,72.8345146,Barista,18.93850971,72.83360746,Coffee Shop
181,Fort,18.9332665,72.8345146,Coffee House,18.92998395,72.83374552,Indian Restaurant
182,Fort,18.9332665,72.8345146,Bademiya,18.93144397,72.83470909,BBQ Joint
183,Fort,18.9332665,72.8345146,The Teapot,18.93130076,72.83335837,Tea Room
184,Fort,18.9332665,72.8345146,Wok in the box,18.93136508,72.83404555,Noodle House
185,Fort,18.9332665,72.8345146,Plenty,18.931234,72.834076,Café
186,Fort,18.9332665,72.8345146,99 Pancackes,18.929891,72.835571,Dessert Shop
187,Fort,18.9332665,72.8345146,Global Chaos,18.93001624,72.83135677,Restaurant
188,Churchgate,18.9359567,72.8273404,Natural's Ice Cream Parlour,18.93489186,72.82422245,Ice Cream Shop
189,Churchgate,18.9359567,72.8273404,Wankhede Stadium,18.93879238,72.82594448,Cricket Ground
190,Churchgate,18.9359567,72.8273404,K Rustoms. Ice Cream,18.93347815,72.82499513,Ice Cream Shop
191,Churchgate,18.9359567,72.8273404,"InterContinental Marine Drive, Mumbai",18.93504852,72.82419143,Hotel
192,Churchgate,18.9359567,72.8273404,The Dome,18.93501405,72.824243,Lounge
193,Churchgate,18.9359567,72.8273404,Queen's Necklace,18.93398265,72.82389609,Beach
194,Churchgate,18.9359567,72.8273404,Churchgate,18.93673671,72.82723121,Train Station
195,Churchgate,18.9359567,72.8273404,"Long & Short, The GastroBar",18.93505405,72.8240139,Gastropub
196,Churchgate,18.9359567,72.8273404,Pizza By The Bay,18.93351565,72.82392481,Pizza Place
197,Churchgate,18.9359567,72.8273404,Garware Club House,18.93772596,72.82516149,General Entertainment
198,Churchgate,18.9359567,72.8273404,Qi,18.93234194,72.82759091,Gym / Fitness Center
199,Churchgate,18.9359567,72.8273404,Jai Hind College,18.93468895,72.82482227,College Academic Building
200,Churchgate,18.9359567,72.8273404,Salt Water Cafe,18.9335,72.8263,Italian Restaurant
201,Churchgate,18.9359567,72.8273404,The Cricket Club Of India (CCI),18.93196406,72.82463551,Cricket Ground
202,Churchgate,18.9359567,72.8273404,Gaylord Restaurant,18.93294846,72.82612681,Indian Restaurant
203,Churchgate,18.9359567,72.8273404,Baskin-Robbins,18.93362862,72.82394411,Ice Cream Shop
204,Churchgate,18.9359567,72.8273404,Mad Over Donuts,18.935131,72.82691,Donut Shop
205,Churchgate,18.9359567,72.8273404,Sachin Tendulkar Stand,18.9396006,72.8256329,Cricket Ground
206,Churchgate,18.9359567,72.8273404,Kamling,18.93352564,72.82571483,Chinese Restaurant
207,Churchgate,18.9359567,72.8273404,Burger King,18.93403646,72.82705959,Fast Food Restaurant
208,Churchgate,18.9359567,72.8273404,Food for Thought,18.93203055,72.83166719,Café
209,Churchgate,18.9359567,72.8273404,Kebab Korner,18.93509025,72.82402901,Indian Restaurant
210,Churchgate,18.9359567,72.8273404,The Bayview - Hotel Marine Plaza,18.9318761,72.82303057,Italian Restaurant
211,Churchgate,18.9359567,72.8273404,Umame,18.93196647,72.82824307,Japanese Restaurant
212,Churchgate,18.9359567,72.8273404,Mumbai Hockey Association Ground,18.93745624,72.82633685,Hockey Arena
213,Churchgate,18.9359567,72.8273404,Flora Fountain,18.93270397,72.83140293,Monument / Landmark
214,Churchgate,18.9359567,72.8273404,Fashion Street,18.93634085,72.83043357,Flea Market
215,Churchgate,18.9359567,72.8273404,Churchgate,18.93298493,72.82771589,Other Great Outdoors
216,Churchgate,18.9359567,72.8273404,The J,18.93037382,72.82673394,Fast Food Restaurant
217,Churchgate,18.9359567,72.8273404,Balwas,18.93954817,72.82831136,Indian Restaurant
218,Churchgate,18.9359567,72.8273404,Bombay Gymkhana,18.9376913,72.83097627,Athletics & Sports
219,Churchgate,18.9359567,72.8273404,Stadium Restaurant & Stores,18.93317339,72.82692894,Indian Restaurant
220,Churchgate,18.9359567,72.8273404,Zara,18.93245331,72.83204218,Clothing Store
221,Churchgate,18.9359567,72.8273404,Kitab Khana,18.93205663,72.83177317,Bookstore
222,Churchgate,18.9359567,72.8273404,The Gaylord Bakeshop,18.93320721,72.82620606,Bakery
223,Churchgate,18.9359567,72.8273404,Pratap Lunch Home,18.93360522,72.83285417,Seafood Restaurant
224,Churchgate,18.9359567,72.8273404,Mockingbird Cafe,18.93329443,72.82621384,Bar
225,Churchgate,18.9359567,72.8273404,Wet Wicket Bar,18.93177667,72.82502603,Restaurant
226,Churchgate,18.9359567,72.8273404,Brabourne Stadium,18.93245733,72.8246289,Cricket Ground
227,Churchgate,18.9359567,72.8273404,Eros Cinema,18.93260476,72.82780337,Movie Theater
228,Churchgate,18.9359567,72.8273404,Taste of Kerala,18.93420548,72.83321545,Indian Restaurant
229,Churchgate,18.9359567,72.8273404,Tea Center,18.93775251,72.82750817,Café
230,Churchgate,18.9359567,72.8273404,Samrat Veg Restaurant,18.9306744,72.82631989,Vegetarian / Vegan Restaurant
231,Churchgate,18.9359567,72.8273404,Markiv's,18.93281691,72.8276755,Coffee Shop
232,Churchgate,18.9359567,72.8273404,Relish,18.93032033,72.82636057,Italian Restaurant
233,Churchgate,18.9359567,72.8273404,Shiv Sagar,18.93335145,72.82593387,Fast Food Restaurant
234,Churchgate,18.9359567,72.8273404,Churchgate Railway Station,18.93470566,72.8273293,Train Station
235,Churchgate,18.9359567,72.8273404,Eros Theatre,18.93234404,72.82795246,Movie Theater
236,Churchgate,18.9359567,72.8273404,Cross Maidan,18.93633798,72.82972097,Field
237,Churchgate,18.9359567,72.8273404,Subway,18.93824967,72.83302651,Sandwich Place
238,Churchgate,18.9359567,72.8273404,Cafe Coffee Day,18.932695,72.82361,Coffee Shop
239,Churchgate,18.9359567,72.8273404,Pronto,18.93204011,72.8281803,Fast Food Restaurant
240,Churchgate,18.9359567,72.8273404,Papacream,18.93191293,72.82736704,Ice Cream Shop
241,Churchgate,18.9359567,72.8273404,The Ambassador,18.93356598,72.82477797,Hotel
242,Churchgate,18.9359567,72.8273404,Subway,18.93254886,72.82767089,Sandwich Place
243,Churchgate,18.9359567,72.8273404,Cafe Coffee Day,18.9316799,72.83143759,Coffee Shop
244,Churchgate,18.9359567,72.8273404,Domino's Pizza,18.941,72.828,Pizza Place
245,Churchgate,18.9359567,72.8273404,Cafe Coffee Day,18.93244652,72.82766946,Café
246,Churchgate,18.9359567,72.8273404,Liberty cinema,18.94165232,72.82738898,Indie Movie Theater
247,Churchgate,18.9359567,72.8273404,Astoria Hotel,18.93205678,72.82715005,Hotel
248,Churchgate,18.9359567,72.8273404,The Fountain Inn,18.93290806,72.83246216,Hotel
249,Churchgate,18.9359567,72.8273404,Vihar,18.9306973,72.82609001,Fast Food Restaurant
250,Churchgate,18.9359567,72.8273404,Fab India,18.93715629,72.83162795,Clothing Store
251,Churchgate,18.9359567,72.8273404,Jay Jawan Stall,18.93827248,72.83287811,Breakfast Spot
252,Churchgate,18.9359567,72.8273404,apple store,18.93021851,72.82658815,Electronics Store
253,Churchgate,18.9359567,72.8273404,Gelato Italiano,18.93803256,72.83311083,Dessert Shop
254,Nariman Point,18.9259514,72.8232083,The Sassy Spoon,18.92842592,72.82251196,Diner
255,Nariman Point,18.9259514,72.8232083,Status,18.924562,72.821526,Indian Restaurant
256,Nariman Point,18.9259514,72.8232083,Swati Snacks,18.92443615,72.82475614,Chaat Place
257,Nariman Point,18.9259514,72.8232083,National Centre for the Performing Arts (NCPA),18.9256313,72.81986117,Performing Arts Venue
258,Nariman Point,18.9259514,72.8232083,Trident,18.92787753,72.82071104,Hotel
259,Nariman Point,18.9259514,72.8232083,INOX,18.92646475,72.82247022,Movie Theater
260,Nariman Point,18.9259514,72.8232083,Nariman Point,18.92918336,72.82223225,Scenic Lookout
261,Nariman Point,18.9259514,72.8232083,The Oberoi,18.92710052,72.82016472,Hotel
262,Nariman Point,18.9259514,72.8232083,Tata Theatre,18.92506297,72.81995773,Theater
263,Nariman Point,18.9259514,72.8232083,Starbucks,18.92768726,72.82194296,Coffee Shop
264,Nariman Point,18.9259514,72.8232083,India Jones,18.92787846,72.82066393,Restaurant
265,Nariman Point,18.9259514,72.8232083,Café at the NCPA,18.92525684,72.81957844,Café
266,Nariman Point,18.9259514,72.8232083,Jamshed Bhabha Theatre,18.92513409,72.81973001,Theater
267,Nariman Point,18.9259514,72.8232083,Fenix Oberoi,18.92714361,72.82014258,Restaurant
268,Nariman Point,18.9259514,72.8232083,The Oberoi Patisserie & Delicatessen,18.92652521,72.82080996,Dessert Shop
269,Nariman Point,18.9259514,72.8232083,Amadeus,18.92549522,72.81949473,Mediterranean Restaurant
270,Nariman Point,18.9259514,72.8232083,Frangipani,18.92790953,72.82067913,Mediterranean Restaurant
271,Nariman Point,18.9259514,72.8232083,Suzette,18.92511821,72.82149492,French Restaurant
272,Nariman Point,18.9259514,72.8232083,The Cooperage Football Stadium,18.92491253,72.8282929,Stadium
273,Nariman Point,18.9259514,72.8232083,Ziya,18.92711609,72.8201654,Indian Restaurant
274,Nariman Point,18.9259514,72.8232083,Fenix,18.92713085,72.82015075,Japanese Restaurant
275,Nariman Point,18.9259514,72.8232083,Experimental Theatre,18.92608565,72.82024934,Theater
276,Nariman Point,18.9259514,72.8232083,The J,18.93037382,72.82673394,Fast Food Restaurant
277,Nariman Point,18.9259514,72.8232083,"The Oriental Blossom, Marine Plaza",18.93160512,72.82312062,Asian Restaurant
278,Nariman Point,18.9259514,72.8232083,Cha Bar,18.92979691,72.82746778,Coffee Shop
279,Nariman Point,18.9259514,72.8232083,Oxford Bookstore,18.92978788,72.82761203,Bookstore
280,Nariman Point,18.9259514,72.8232083,Geoffrey's - The Pub,18.93146486,72.82294062,Bar
281,Nariman Point,18.9259514,72.8232083,The Eau Bar,18.92706955,72.82016652,Lounge
282,Nariman Point,18.9259514,72.8232083,Opium Den,18.9278743,72.82063626,Wine Bar
283,Nariman Point,18.9259514,72.8232083,Desi Klub,18.9245121,72.82264974,Chaat Place
284,Nariman Point,18.9259514,72.8232083,McDonald's,18.926775,72.822464,Fast Food Restaurant
285,Nariman Point,18.9259514,72.8232083,Subway,18.92646795,72.82251125,Sandwich Place
286,Nariman Point,18.9259514,72.8232083,Wodehouse Gymkhana,18.92220325,72.82757329,Diner
287,Nariman Point,18.9259514,72.8232083,Samrat Veg Restaurant,18.9306744,72.82631989,Vegetarian / Vegan Restaurant
288,Nariman Point,18.9259514,72.8232083,CR2,18.92644761,72.82241548,Shopping Mall
289,Nariman Point,18.9259514,72.8232083,Relish,18.93032033,72.82636057,Italian Restaurant
290,Nariman Point,18.9259514,72.8232083,Princess Victoria Mary Gymkhana,18.92380133,72.82758201,Tennis Court
291,Nariman Point,18.9259514,72.8232083,Vasant Sagar,18.92576103,72.82600314,Indian Restaurant
292,Nariman Point,18.9259514,72.8232083,Spesso Gourmet Kitchen,18.9244391,72.82156048,Italian Restaurant
293,Nariman Point,18.9259514,72.8232083,The Bayview,18.93148662,72.82296798,Restaurant
294,Nariman Point,18.9259514,72.8232083,Ristorante Prego,18.92627356,72.8226415,Italian Restaurant
295,Nariman Point,18.9259514,72.8232083,Marine Plaza,18.9315669,72.82292133,Hotel
296,Nariman Point,18.9259514,72.8232083,Barista creme,18.92217286,72.82664843,Café
297,Nariman Point,18.9259514,72.8232083,Sachin's Zhunka Bhaakar Kendra,18.92801611,72.82269359,Snack Place
298,Nariman Point,18.9259514,72.8232083,Vetro,18.92673091,72.82057247,Italian Restaurant
299,Nariman Point,18.9259514,72.8232083,Vihar,18.9306973,72.82609001,Fast Food Restaurant
300,Marine Lines,18.9456701,72.823781,Marine Drive,18.94122056,72.82326137,Scenic Lookout
301,Marine Lines,18.9456701,72.823781,Kyani & Co.,18.94406151,72.82857563,Café
302,Marine Lines,18.9456701,72.823781,Marine Lines Railway Station,18.9457045,72.82375574,Train Station
303,Marine Lines,18.9456701,72.823781,Dark Temptations,18.94299934,72.82810954,Bakery
304,Marine Lines,18.9456701,72.823781,Palms - Catholic Gymkhana,18.94975999,72.82001853,Restaurant
305,Marine Lines,18.9456701,72.823781,Sassanian,18.94275386,72.82697469,Bakery
306,Marine Lines,18.9456701,72.823781,Cafe Coffee Day,18.94517867,72.82633446,Café
307,Marine Lines,18.9456701,72.823781,Furtados,18.94387058,72.82926226,Music Store
308,Marine Lines,18.9456701,72.823781,5 Spice,18.94354017,72.82515882,Chinese Restaurant
309,Marine Lines,18.9456701,72.823781,Catholic Gymkhana,18.94968069,72.82033307,Gastropub
310,Marine Lines,18.9456701,72.823781,Sunlight Bar,18.94444808,72.82923429,Bar
311,Marine Lines,18.9456701,72.823781,Little Italy's La Pizzeria,18.94302622,72.82502126,Italian Restaurant
312,Marine Lines,18.9456701,72.823781,Metro Big Cinemas,18.94330415,72.82889749,Multiplex
313,Marine Lines,18.9456701,72.823781,Jaffer Bhai's Delhi Darbar,18.9426735,72.82695414,Indian Restaurant
314,Marine Lines,18.9456701,72.823781,Gola's,18.94930684,72.81945304,Food Truck
315,Marine Lines,18.9456701,72.823781,Roopkala,18.94175203,72.82604757,Bridal Shop
316,Marine Lines,18.9456701,72.823781,Cafe Metro,18.94308039,72.82840768,Coffee Shop
317,Marine Lines,18.9456701,72.823781,Hotel Geeta Bhavan,18.9458183,72.82830394,Indian Restaurant
318,Marine Lines,18.9456701,72.823781,Aye Dios Mio,18.9420165,72.82801016,Mexican Restaurant
319,Marine Lines,18.9456701,72.823781,Liberty cinema,18.94165232,72.82738898,Indie Movie Theater
320,Marine Lines,18.9456701,72.823781,Taraporewala Aquarium,18.94914265,72.81971487,Aquarium
321,Marine Lines,18.9456701,72.823781,University Grounds,18.94166132,72.8250328,Playground
322,Marine Lines,18.9456701,72.823781,Chandanmal mansion,18.94699593,72.82879489,Arts & Crafts Store
323,Marine Lines,18.9456701,72.823781,Adward Pav Bhaji and Dosa Center,18.94626827,72.82904877,Snack Place
324,Marine Lines,18.9456701,72.823781,Liberty Juice Centre,18.94154553,72.82746201,Food Truck
325,Marine Lines,18.9456701,72.823781,Kyani Bakery,18.94390202,72.82926226,Bakery
326,Marine Lines,18.9456701,72.823781,Roop Milan,18.94077268,72.82687783,Boutique
327,Walkeshwar,18.9553434,72.8079469,Soam,18.95749203,72.80888355,Indian Restaurant
328,Walkeshwar,18.9553434,72.8079469,Starbucks,18.9564265,72.81206514,Coffee Shop
329,Walkeshwar,18.9553434,72.8079469,Govindas,18.9574674,72.80984259,Indian Restaurant
330,Walkeshwar,18.9553434,72.8079469,The Malabar Hill Club,18.95439225,72.80351039,Restaurant
331,Walkeshwar,18.9553434,72.8079469,Babulnath Dosa Centre,18.95698466,72.80903007,Indian Restaurant
332,Walkeshwar,18.9553434,72.8079469,Govinda's Vegetarian Restaurant,18.95745164,72.80999366,Indian Restaurant
333,Walkeshwar,18.9553434,72.8079469,Hanging Gardens,18.95632829,72.80537324,Park
334,Walkeshwar,18.9553434,72.8079469,Narayan Dosa,18.95744534,72.8132509,Fast Food Restaurant
335,Walkeshwar,18.9553434,72.8079469,Kulfi Centre,18.95585535,72.8126257,Ice Cream Shop
336,Walkeshwar,18.9553434,72.8079469,Cream Centre,18.95550473,72.81318602,Mexican Restaurant
337,Walkeshwar,18.9553434,72.8079469,Sukhsagar,18.9560657,72.81341376,Snack Place
338,Walkeshwar,18.9553434,72.8079469,Crystal,18.95593061,72.81209515,Indian Restaurant
339,Walkeshwar,18.9553434,72.8079469,Sukh Sagar Juice Center,18.95612498,72.81347538,Juice Bar
340,Walkeshwar,18.9553434,72.8079469,Mani Bhavan Gandhi Sangrahalaya (Gandhi Museum),18.9596893,72.81147518,History Museum
341,Walkeshwar,18.9553434,72.8079469,Café New York,18.95810762,72.81099953,Gastropub
342,Walkeshwar,18.9553434,72.8079469,Kobe Sizzlers,18.95660471,72.81346491,Steakhouse
343,Walkeshwar,18.9553434,72.8079469,B:Blunt,18.96041,72.809329,Salon / Barbershop
344,Walkeshwar,18.9553434,72.8079469,Prakash Paan Wala,18.957074,72.810428,Restaurant
345,Walkeshwar,18.9553434,72.8079469,Sukh Sagar Hotel,18.95587586,72.81313084,Fast Food Restaurant
346,Walkeshwar,18.9553434,72.8079469,Mama Mia!,18.95748118,72.81311991,Breakfast Spot
347,Walkeshwar,18.9553434,72.8079469,Café Ideal,18.95573169,72.81288696,Indian Restaurant
348,Walkeshwar,18.9553434,72.8079469,Cannon Pav Bhaji,18.95280431,72.80507317,Food Truck
349,Walkeshwar,18.9553434,72.8079469,S & F Spices and Flavours,18.95516409,72.80761396,Food & Drink Shop
350,Walkeshwar,18.9553434,72.8079469,Bharatiya Vidya Bhavan,18.95728332,72.8104853,Theater
351,Walkeshwar,18.9553434,72.8079469,New Yorker,18.95536,72.813698,Italian Restaurant
352,Walkeshwar,18.9553434,72.8079469,Westside,18.95883913,72.81074559,Clothing Store
353,Walkeshwar,18.9553434,72.8079469,Domino's Pizza,18.956,72.814,Pizza Place
354,Walkeshwar,18.9553434,72.8079469,Baskin-Robbins,18.95529835,72.8138143,Ice Cream Shop
355,Malabar Hill,18.9581616,72.8033665,The Malabar Hill Club,18.95439225,72.80351039,Restaurant
356,Malabar Hill,18.9581616,72.8033665,Priyadarshini Park,18.95751519,72.79961414,Park
357,Malabar Hill,18.9581616,72.8033665,Santosh Sagar,18.96117682,72.80142469,Fast Food Restaurant
358,Malabar Hill,18.9581616,72.8033665,Hanging Gardens,18.95632829,72.80537324,Park
359,Malabar Hill,18.9581616,72.8033665,Country Of Origin,18.95526622,72.79874276,Dessert Shop
360,Malabar Hill,18.9581616,72.8033665,Soam,18.95749203,72.80888355,Indian Restaurant
361,Malabar Hill,18.9581616,72.8033665,Naturals Ice Cream,18.96243178,72.80147104,Dessert Shop
362,Malabar Hill,18.9581616,72.8033665,Babulnath Dosa Centre,18.95698466,72.80903007,Indian Restaurant
363,Malabar Hill,18.9581616,72.8033665,Cannon Pav Bhaji,18.95280431,72.80507317,Food Truck
364,Malabar Hill,18.9581616,72.8033665,210°Veg Gourmet Bakery,18.96182829,72.80213714,Bakery
365,Malabar Hill,18.9581616,72.8033665,S & F Spices and Flavours,18.95516409,72.80761396,Food & Drink Shop
366,Malabar Hill,18.9581616,72.8033665,Contempory Arts,18.96303573,72.803092,Arts & Crafts Store
367,Malabar Hill,18.9581616,72.8033665,Priyadarshani Park Sea View,18.95775944,72.79789925,Park
368,Malabar Hill,18.9581616,72.8033665,dave farsan mart,18.9582468,72.80889904,Snack Place
369,Kalbadevi,18.9492575,72.8279382,Shree Thaker Bhojnalay,18.95121699,72.82832591,Indian Restaurant
370,Kalbadevi,18.9492575,72.8279382,Bhagat Tarachand Restaurant,18.951802,72.83048598,Indian Restaurant
371,Kalbadevi,18.9492575,72.8279382,Crawford Market,18.946761,72.83122519,Market
372,Kalbadevi,18.9492575,72.8279382,Kyani & Co.,18.94406151,72.82857563,Café
373,Kalbadevi,18.9492575,72.8279382,Parsi Dairy Farm,18.9467558,72.83118327,Cheese Shop
374,Kalbadevi,18.9492575,72.8279382,Vinay Health Home,18.9530109,72.82512881,Fast Food Restaurant
375,Kalbadevi,18.9492575,72.8279382,"Badshah - Falooda, Ice Cream, Syrups",18.94730312,72.83347019,Ice Cream Shop
376,Kalbadevi,18.9492575,72.8279382,Surti Hotel,18.95256725,72.82990537,Food
377,Kalbadevi,18.9492575,72.8279382,Furtados,18.94387058,72.82926226,Music Store
378,Kalbadevi,18.9492575,72.8279382,Badshah,18.94724355,72.83345583,Fast Food Restaurant
379,Kalbadevi,18.9492575,72.8279382,Sunlight Bar,18.94444808,72.82923429,Bar
380,Kalbadevi,18.9492575,72.8279382,Marine Lines Railway Station,18.9457045,72.82375574,Train Station
381,Kalbadevi,18.9492575,72.8279382,Revival Indian Thali,18.94689587,72.83275309,Indian Restaurant
382,Kalbadevi,18.9492575,72.8279382,Cafe Coffee Day,18.94517867,72.82633446,Café
383,Kalbadevi,18.9492575,72.8279382,Hotel B Bhagat Tarachand,18.95382089,72.83120675,Indian Restaurant
384,Kalbadevi,18.9492575,72.8279382,Bawarchi,18.94607458,72.83173758,Indian Restaurant
385,Kalbadevi,18.9492575,72.8279382,Hotel Geeta Bhavan,18.9458183,72.82830394,Indian Restaurant
386,Kalbadevi,18.9492575,72.8279382,Subway,18.94771136,72.83386249,American Restaurant
387,Kalbadevi,18.9492575,72.8279382,C. P. Tank,18.95326533,72.82564444,Bus Station
388,Bhuleshwar,18.9537706,72.8274755,Shree Thaker Bhojnalay,18.95121699,72.82832591,Indian Restaurant
389,Bhuleshwar,18.9537706,72.8274755,Vinay Health Home,18.9530109,72.82512881,Fast Food Restaurant
390,Bhuleshwar,18.9537706,72.8274755,Bhagat Tarachand Restaurant,18.951802,72.83048598,Indian Restaurant
391,Bhuleshwar,18.9537706,72.8274755,Surti Hotel,18.95256725,72.82990537,Food
392,Bhuleshwar,18.9537706,72.8274755,Mohd Ali Road,18.95475133,72.83319817,BBQ Joint
393,Bhuleshwar,18.9537706,72.8274755,Hotel B Bhagat Tarachand,18.95382089,72.83120675,Indian Restaurant
394,Bhuleshwar,18.9537706,72.8274755,Suleman Mithaiwala,18.95472833,72.83318584,Dessert Shop
395,Bhuleshwar,18.9537706,72.8274755,Zam Zam Restaurant,18.95644084,72.83204589,Indian Restaurant
396,Bhuleshwar,18.9537706,72.8274755,Sikka nagar,18.95729039,72.82267859,Snack Place
397,Bhuleshwar,18.9537706,72.8274755,Delhi Darbar Restaurant,18.95586515,72.83241844,Indian Restaurant
398,Bhuleshwar,18.9537706,72.8274755,American Express Bakery,18.95588766,72.83139139,Arcade
399,Bhuleshwar,18.9537706,72.8274755,Noorani Milk Centre,18.95474882,72.83338201,Café
400,Bhuleshwar,18.9537706,72.8274755,C. P. Tank,18.95326533,72.82564444,Bus Station
401,Bhuleshwar,18.9537706,72.8274755,Bade Miya (only for Ramzan),18.95470467,72.83346856,Indian Restaurant
402,Bhuleshwar,18.9537706,72.8274755,Bhaishankar Sweets C.P.Tank,18.95529015,72.82627915,Dessert Shop
403,Bhuleshwar,18.9537706,72.8274755,Vinay,18.95308813,72.82492894,Indian Restaurant
404,Bhuleshwar,18.9537706,72.8274755,Trupti Sweets & Farsan,18.95611836,72.82448464,Indian Restaurant
405,Bhuleshwar,18.9537706,72.8274755,Colombo Restaurant,18.95129572,72.82285169,Chinese Restaurant
406,Bhuleshwar,18.9537706,72.8274755,Nidhi Ice Cream Parlor,18.95627232,72.82266128,Ice Cream Shop
407,Bhuleshwar,18.9537706,72.8274755,Pehelwan Juice Wala,18.95834712,72.83120675,Juice Bar
408,Bhuleshwar,18.9537706,72.8274755,Burhanpur Sweets,18.95485505,72.83349741,Indian Sweet Shop
409,Masjid Bandar,18.95359855,72.8381265,Mohd Ali Road,18.95475133,72.83319817,BBQ Joint
410,Masjid Bandar,18.95359855,72.8381265,Suleman Mithaiwala,18.95472833,72.83318584,Dessert Shop
411,Masjid Bandar,18.95359855,72.8381265,Jaffar Bhai Delhi Darbar,18.94999996,72.83462464,Indian Restaurant
412,Masjid Bandar,18.95359855,72.8381265,Patel Restaurant,18.94979755,72.83465489,Restaurant
413,Masjid Bandar,18.95359855,72.8381265,Jaffer Bhai Delhi Darbar,18.95834956,72.83582556,Indian Restaurant
414,Masjid Bandar,18.95359855,72.8381265,Chinese-n-Grill,18.95486434,72.83380395,Chinese Restaurant
415,Masjid Bandar,18.95359855,72.8381265,Elphinestone Hotel,18.94873691,72.84057122,Hotel
416,Masjid Bandar,18.95359855,72.8381265,Noorani Milk Centre,18.95474882,72.83338201,Café
417,Masjid Bandar,18.95359855,72.8381265,Bade Miya (only for Ramzan),18.95470467,72.83346856,Indian Restaurant
418,Masjid Bandar,18.95359855,72.8381265,Masjid Bunder Market,18.95329998,72.8370805,Convenience Store
419,Masjid Bandar,18.95359855,72.8381265,Jeetu Sandwich,18.95603087,72.83738053,Sandwich Place
420,Masjid Bandar,18.95359855,72.8381265,Abu Baba,18.95500521,72.83474371,Smoke Shop
421,Masjid Bandar,18.95359855,72.8381265,Victoria Dock,18.95483666,72.84195596,Harbor / Marina
422,Masjid Bandar,18.95359855,72.8381265,Main Gate Restaurant,18.95429276,72.84211946,Indian Restaurant
423,Masjid Bandar,18.95359855,72.8381265,Le Mill,18.95737887,72.84074235,Furniture / Home Store
424,Masjid Bandar,18.95359855,72.8381265,Burhanpur Sweets,18.95485505,72.83349741,Indian Sweet Shop
425,Masjid Bandar,18.95359855,72.8381265,Green Fields Restaurant,18.95792921,72.83589191,Smoke Shop
426,Masjid Bandar,18.95359855,72.8381265,Simla,18.95792878,72.83581691,Café
427,Masjid Bandar,18.95359855,72.8381265,Mumbai Port Trust Yellow Gate,18.9486479,72.84044285,Harbor / Marina
428,Masjid Bandar,18.95359855,72.8381265,Musafir Khana,18.94862352,72.8404312,Convenience Store
429,Masjid Bandar,18.95359855,72.8381265,Mumbai Port,18.94858269,72.84042438,Harbor / Marina
430,Masjid Bandar,18.95359855,72.8381265,Purple Gate,18.95742079,72.84238292,Harbor / Marina
431,Darukhana,18.9770363,72.8490768,Cafe Coffee Day,18.97750766,72.84397535,Café
432,Darukhana,18.9770363,72.8490768,Sadanand bar and Restaurant,18.98218918,72.84712982,Restaurant
433,Pydhoni,18.9539939,72.8323786,Bhagat Tarachand Restaurant,18.951802,72.83048598,Indian Restaurant
434,Pydhoni,18.9539939,72.8323786,Mohd Ali Road,18.95475133,72.83319817,BBQ Joint
435,Pydhoni,18.9539939,72.8323786,Shree Thaker Bhojnalay,18.95121699,72.82832591,Indian Restaurant
436,Pydhoni,18.9539939,72.8323786,Suleman Mithaiwala,18.95472833,72.83318584,Dessert Shop
437,Pydhoni,18.9539939,72.8323786,Shalimar Restaurant,18.95818012,72.83236651,Indian Restaurant
438,Pydhoni,18.9539939,72.8323786,Surti Hotel,18.95256725,72.82990537,Food
439,Pydhoni,18.9539939,72.8323786,Hotel B Bhagat Tarachand,18.95382089,72.83120675,Indian Restaurant
440,Pydhoni,18.9539939,72.8323786,Chinese-n-Grill,18.95486434,72.83380395,Chinese Restaurant
441,Pydhoni,18.9539939,72.8323786,Jaffar Bhai Delhi Darbar,18.94999996,72.83462464,Indian Restaurant
442,Pydhoni,18.9539939,72.8323786,Patel Restaurant,18.94979755,72.83465489,Restaurant
443,Pydhoni,18.9539939,72.8323786,Zam Zam Restaurant,18.95644084,72.83204589,Indian Restaurant
444,Pydhoni,18.9539939,72.8323786,Jaffer Bhai Delhi Darbar,18.95834956,72.83582556,Indian Restaurant
445,Pydhoni,18.9539939,72.8323786,Noor Mohammadi,18.95782124,72.83205742,Indian Restaurant
446,Pydhoni,18.9539939,72.8323786,Delhi Darbar Restaurant,18.95586515,72.83241844,Indian Restaurant
447,Pydhoni,18.9539939,72.8323786,Noorani Milk Centre,18.95474882,72.83338201,Café
448,Pydhoni,18.9539939,72.8323786,Bade Miya (only for Ramzan),18.95470467,72.83346856,Indian Restaurant
449,Pydhoni,18.9539939,72.8323786,American Express Bakery,18.95588766,72.83139139,Arcade
450,Pydhoni,18.9539939,72.8323786,Burhanpur Sweets,18.95485505,72.83349741,Indian Sweet Shop
451,Pydhoni,18.9539939,72.8323786,Abu Baba,18.95500521,72.83474371,Smoke Shop
452,Pydhoni,18.9539939,72.8323786,Masjid Bunder Market,18.95329998,72.8370805,Convenience Store
453,Pydhoni,18.9539939,72.8323786,Pehelwan Juice Wala,18.95834712,72.83120675,Juice Bar
454,Pydhoni,18.9539939,72.8323786,Simla,18.95792878,72.83581691,Café
455,Pydhoni,18.9539939,72.8323786,Jeetu Sandwich,18.95603087,72.83738053,Sandwich Place
456,Pydhoni,18.9539939,72.8323786,Green Fields Restaurant,18.95792921,72.83589191,Smoke Shop
457,Nagpada,18.9681782,72.8286009,Sarvi,18.9668525,72.82922116,Middle Eastern Restaurant
458,Nagpada,18.9681782,72.8286009,Richardson and Cruddas,18.96649122,72.83279348,Music Venue
459,Nagpada,18.9681782,72.8286009,Sigdi Restaurant,18.97052254,72.83103365,Indian Restaurant
460,Nagpada,18.9681782,72.8286009,Celejor,18.9706915,72.83150616,Cupcake Shop
461,Nagpada,18.9681782,72.8286009,Domino's Pizza,18.97,72.831,Pizza Place
462,Nagpada,18.9681782,72.8286009,City Center,18.96822528,72.82381809,Department Store
463,Nagpada,18.9681782,72.8286009,Cafe Coffee Day,18.9694294,72.83275886,Coffee Shop
464,Nagpada,18.9681782,72.8286009,KFC,18.9683737,72.82350175,Fast Food Restaurant
465,Nagpada,18.9681782,72.8286009,Arabian Nights,18.96738294,72.82789476,Smoke Shop
466,Nagpada,18.9681782,72.8286009,Tahoora sweets,18.96740257,72.82646379,Donut Shop
467,Nagpada,18.9681782,72.8286009,Gelato Italiano,18.9690019,72.8255348,Dessert Shop
468,Nagpada,18.9681782,72.8286009,McDonald's,18.96807262,72.82449671,Fast Food Restaurant
469,Nagpada,18.9681782,72.8286009,Zaitoon Restaurant,18.97076017,72.83157025,Chinese Restaurant
470,Nagpada,18.9681782,72.8286009,Mama Mia,18.97087834,72.83166576,Restaurant
471,Nagpada,18.9681782,72.8286009,Monginis Cake Shop,18.96526069,72.83196261,Bakery
472,Nagpada,18.9681782,72.8286009,Shahi Dawat Restaurant,18.968277,72.823842,Asian Restaurant
473,Nagpada,18.9681782,72.8286009,Big Bazaar,18.96813225,72.82383262,Department Store
474,Nagpada,18.9681782,72.8286009,Grills and Woks,18.97110993,72.83247614,Chinese Restaurant
475,Nagpada,18.9681782,72.8286009,Hotel Sahil,18.96869814,72.8234114,Hotel
476,Nagpada,18.9681782,72.8286009,Ice-N-Spice,18.97184831,72.83232612,Fast Food Restaurant
477,Nagpada,18.9681782,72.8286009,5 spice,18.96836971,72.82321521,Chinese Restaurant
478,Dongri,18.9622265,72.836795,Al Rehmani,18.96184298,72.83181784,Indian Restaurant
479,Dongri,18.9622265,72.836795,Richardson and Cruddas,18.96649122,72.83279348,Music Venue
480,Dongri,18.9622265,72.836795,Shalimar Restaurant,18.95818012,72.83236651,Indian Restaurant
481,Dongri,18.9622265,72.836795,Jaffer Bhai Delhi Darbar,18.95834956,72.83582556,Indian Restaurant
482,Dongri,18.9622265,72.836795,Delhi Zaika,18.961849,72.83116636,Restaurant
483,Dongri,18.9622265,72.836795,J. J. Jalebi,18.96190949,72.83166986,Dessert Shop
484,Byculla,18.9766219,72.8327936,Bhau Daji Lad Museum,18.97914033,72.83444945,History Museum
485,Byculla,18.9766219,72.8327936,Persian Darbar,18.97605528,72.83364336,Indian Restaurant
486,Byculla,18.9766219,72.8327936,Cafe Renault,18.97498569,72.83375842,Bar
487,Byculla,18.9766219,72.8327936,Gloria Restaurant,18.97548454,72.83388435,Asian Restaurant
488,Byculla,18.9766219,72.8327936,King of Iran,18.97543588,72.83330495,Indian Restaurant
489,Byculla,18.9766219,72.8327936,Domino's Pizza,18.97807085,72.83870099,Pizza Place
490,Byculla,18.9766219,72.8327936,Jijamata Udyan - Ranibaug,18.97860596,72.83498028,Zoo
491,Byculla,18.9766219,72.8327936,Byculla Bakery,18.97769549,72.83400516,Bakery
492,Byculla,18.9766219,72.8327936,Byculla Pharmacy,18.97569432,72.83395324,Pharmacy
493,Byculla,18.9766219,72.8327936,Regal Restaurant & Bakery,18.98136047,72.83514183,Bakery
494,Grand Road,18.9387711,72.8353355,Royal China,18.93871524,72.83293313,Chinese Restaurant
495,Grand Road,18.9387711,72.8353355,Town House Cafe,18.93854996,72.83346356,Bar
496,Grand Road,18.9387711,72.8353355,Sher-E-Punjab,18.93794384,72.83785335,Indian Restaurant
497,Grand Road,18.9387711,72.8353355,Cafe Excelsior,18.93770121,72.83356615,Café
498,Grand Road,18.9387711,72.8353355,Chhatrapati Shivaji Maharaj Terminus,18.94008833,72.83525723,Train Station
499,Grand Road,18.9387711,72.8353355,Sterling Cineplex,18.93829644,72.83310356,Multiplex
500,Grand Road,18.9387711,72.8353355,Mahesh Lunch Home,18.93412061,72.83382112,Indian Restaurant
501,Grand Road,18.9387711,72.8353355,Ideal Corner,18.93496147,72.83405011,Indian Restaurant
502,Grand Road,18.9387711,72.8353355,Yazdani Bakery,18.93319143,72.83359064,Bakery
503,Grand Road,18.9387711,72.8353355,Dakshin Bar And Kitchen,18.93648945,72.83748977,Seafood Restaurant
504,Grand Road,18.9387711,72.8353355,Residency Hotel,18.93497787,72.83348094,Hotel
505,Grand Road,18.9387711,72.8353355,Café Universal,18.93602067,72.83745296,Irani Cafe
506,Grand Road,18.9387711,72.8353355,Bombay Gymkhana,18.9376913,72.83097627,Athletics & Sports
507,Grand Road,18.9387711,72.8353355,Pratap Lunch Home,18.93360522,72.83285417,Seafood Restaurant
508,Grand Road,18.9387711,72.8353355,Taste of Kerala,18.93420548,72.83321545,Indian Restaurant
509,Grand Road,18.9387711,72.8353355,Pancham Puriwala,18.93821428,72.8356971,Indian Restaurant
510,Grand Road,18.9387711,72.8353355,Kayani Restaurant,18.9350396,72.83694084,Irani Cafe
511,Grand Road,18.9387711,72.8353355,Hotel Fountain Plaza,18.93567109,72.83402983,Indian Restaurant
512,Grand Road,18.9387711,72.8353355,Fashion Street,18.93634085,72.83043357,Flea Market
513,Grand Road,18.9387711,72.8353355,Subway,18.93824967,72.83302651,Sandwich Place
514,Grand Road,18.9387711,72.8353355,The Clearing House,18.93532822,72.83826324,Lounge
515,Grand Road,18.9387711,72.8353355,Barista,18.93850971,72.83360746,Coffee Shop
516,Grand Road,18.9387711,72.8353355,5 Spice,18.93349148,72.8359555,Chinese Restaurant
517,Grand Road,18.9387711,72.8353355,Apoorva - The seafood capital,18.93313466,72.83452717,Seafood Restaurant
518,Grand Road,18.9387711,72.8353355,Press Club Mumbai,18.940721,72.83246892,Bar
519,Grand Road,18.9387711,72.8353355,Reserve Bank of India Monetary Museum,18.93415782,72.83609097,History Museum
520,Grand Road,18.9387711,72.8353355,Hotel Deluxe,18.93391483,72.83320482,Indian Restaurant
521,Grand Road,18.9387711,72.8353355,The Royal Bombay Seamen's Club,18.93492891,72.83892569,Hostel
522,Grand Road,18.9387711,72.8353355,Mocambo Café,18.9342668,72.83369776,Café
523,Grand Road,18.9387711,72.8353355,Costa Coffee,18.93517119,72.83361858,Coffee Shop
524,Grand Road,18.9387711,72.8353355,Model Cafe,18.93602657,72.84041815,Café
525,Grand Road,18.9387711,72.8353355,grand hotel,18.93623444,72.8407244,Hotel
526,Mazgaon,18.9680519,72.84001187,Joseph Baptista Garden,18.96655981,72.84189826,Garden
527,Mazgaon,18.9680519,72.84001187,Afzal Restaurant,18.9698497,72.84066354,Indian Restaurant
528,Mazgaon,18.9680519,72.84001187,Cafe Coffee Day,18.96880666,72.840652,Café
529,Mazgaon,18.9680519,72.84001187,Baskin-Robbins,18.97065141,72.84059113,Ice Cream Shop
530,Mazgaon,18.9680519,72.84001187,Gupta ice cream,18.97355922,72.84022215,Dessert Shop
531,Mazgaon,18.9680519,72.84001187,Fab Fitness Gymnasium,18.96733065,72.84119425,Gym
532,Mazgaon,18.9680519,72.84001187,Family Bazaar,18.96928228,72.84111358,Flea Market
533,Mazgaon,18.9680519,72.84001187,"Hansraj grocery,",18.96470968,72.84384842,Convenience Store
534,Mazgaon,18.9680519,72.84001187,Wibs Bakery ( विब्स बेकरी ),18.96467179,72.84388372,Bakery
535,Mazgaon,18.9680519,72.84001187,Pine Restaurant,18.96479929,72.84401519,Indian Restaurant
536,Mazgaon,18.9680519,72.84001187,Sudha Pav Bhaji,18.97297213,72.8409578,Fast Food Restaurant
537,Mazgaon,18.9680519,72.84001187,Mazgaon Dock,18.96695509,72.84570624,Government Building
538,Mumbai Central,18.9695855,72.8193152,Naturals,18.96810352,72.82018586,Ice Cream Shop
539,Mumbai Central,18.9695855,72.8193152,Amrut Punjab,18.96793246,72.82027341,Restaurant
540,Mumbai Central,18.9695855,72.8193152,Sardar Pav Bhaji,18.9697404,72.81522104,Snack Place
541,Mumbai Central,18.9695855,72.8193152,Maji Sagar,18.97268335,72.8146832,Fast Food Restaurant
542,Mumbai Central,18.9695855,72.8193152,Oh! Calcutta,18.97246753,72.81563802,Bengali Restaurant
543,Mumbai Central,18.9695855,72.8193152,Chinese Palace,18.97265038,72.81418653,Chinese Restaurant
544,Mumbai Central,18.9695855,72.8193152,Maratha Mandir,18.97126637,72.82181883,Movie Theater
545,Mumbai Central,18.9695855,72.8193152,McDonald's,18.96972239,72.8197531,Fast Food Restaurant
546,Mumbai Central,18.9695855,72.8193152,City Center,18.96822528,72.82381809,Department Store
547,Mumbai Central,18.9695855,72.8193152,Domino's Pizza,18.96921068,72.81619283,Pizza Place
548,Mumbai Central,18.9695855,72.8193152,Reliance Super,18.96780108,72.82018365,Department Store
549,Mumbai Central,18.9695855,72.8193152,Nanumal Bhojraj,18.96891215,72.81511955,Vegetarian / Vegan Restaurant
550,Mumbai Central,18.9695855,72.8193152,Baskin-Robbins,18.97163693,72.81492913,Ice Cream Shop
551,Mumbai Central,18.9695855,72.8193152,KFC,18.9683737,72.82350175,Fast Food Restaurant
552,Mumbai Central,18.9695855,72.8193152,Cafe Coffee Day,18.96699854,72.81398279,Coffee Shop
553,Mumbai Central,18.9695855,72.8193152,Mumbai Central Juice Centre,18.96878345,72.82040251,Juice Bar
554,Mumbai Central,18.9695855,72.8193152,Mumbai Central Terminus (BCT) Waiting Room,18.97102994,72.82009931,Train Station
555,Mumbai Central,18.9695855,72.8193152,Mumbai Central Bus Depot,18.96939751,72.82172799,Bus Station
556,Mumbai Central,18.9695855,72.8193152,HDFC Bank,18.96836749,72.81633709,Bank
557,Mumbai Central,18.9695855,72.8193152,Britannia Vada Pav,18.96542443,72.81903181,Snack Place
558,Mumbai Central,18.9695855,72.8193152,Amar Veg. Restaurant,18.968601,72.814669,Vegetarian / Vegan Restaurant
559,Mumbai Central,18.9695855,72.8193152,McDonald's,18.96807262,72.82449671,Fast Food Restaurant
560,Mumbai Central,18.9695855,72.8193152,Mohan PanWala,18.96434521,72.81888179,Smoke Shop
561,Mahalaxmi,18.9825679,72.82416,Tote On The Turf,18.98026592,72.82029378,Nightclub
562,Mahalaxmi,18.9825679,72.82416,Mahalaxmi Race Course (Royal Western India Turf Club),18.98053451,72.8185875,Club House
563,Mahalaxmi,18.9825679,72.82416,Neel,18.9804071,72.82040256,Indian Restaurant
564,Mahalaxmi,18.9825679,72.82416,McDonald's,18.98077515,72.82118411,Fast Food Restaurant
565,Mahalaxmi,18.9825679,72.82416,Olive Bar & Kitchen,18.98048715,72.82181711,Mediterranean Restaurant
566,Mahalaxmi,18.9825679,72.82416,cafe coffee day,18.97698837,72.82405095,Coffee Shop
567,Mahalaxmi,18.9825679,72.82416,Cafe Coffee Day,18.98195398,72.82360758,Coffee Shop
568,Mahalaxmi,18.9825679,72.82416,"Gold Gym IndiaBulls, Lower Parel",18.98142353,72.82489979,Gym
569,Mahalaxmi,18.9825679,72.82416,The AGP Multimillion Racing Experience @ Mahalaxmi Race Course,18.9822369,72.82412113,Racetrack
570,Mahalaxmi,18.9825679,72.82416,Sri Krishna,18.98494074,72.82499241,Indian Restaurant
571,Mahalaxmi,18.9825679,72.82416,Hooves Turf Club,18.98131786,72.82029681,Chinese Restaurant
572,Mahalaxmi,18.9825679,72.82416,Auriga,18.98822863,72.82416464,Asian Restaurant
573,Worli,19.0116962,72.8180702,Worli Sea Face,19.0092165,72.81502247,Scenic Lookout
574,Worli,19.0116962,72.8180702,Slink & Bardot,19.01717044,72.817532,French Restaurant
575,Worli,19.0116962,72.8180702,Starbucks Coffee: A Tata Alliance,19.01285088,72.82388642,Coffee Shop
576,Worli,19.0116962,72.8180702,Worli Drive,19.01206257,72.81561003,Scenic Lookout
577,Worli,19.0116962,72.8180702,Cafe Nemo,19.01717199,72.81754777,Café
578,Worli,19.0116962,72.8180702,Cool Chef Café,19.01700205,72.81754437,Café
579,Worli,19.0116962,72.8180702,Indiabulls.parel.,19.01148755,72.8204706,Paper / Office Supplies Store
580,Worli,19.0116962,72.8180702,Google India Ltd,19.01150065,72.82046947,Yoga Studio
581,Worli,19.0116962,72.8180702,National sports club of India,19.01470051,72.81708146,Sports Club
582,Worli,19.0116962,72.8180702,Kwality,19.01177075,72.82143223,Indian Restaurant
583,Worli,19.0116962,72.8180702,Sandwich Guy,19.01125588,72.82164573,Sandwich Place
584,Worli,19.0116962,72.8180702,Juice Joint,19.01045278,72.82153609,Juice Bar
585,Worli,19.0116962,72.8180702,SaffronArt,19.00586844,72.81770397,Art Gallery
586,Worli,19.0116962,72.8180702,Worli Sports Club,19.01509793,72.82183614,Playground
587,Worli,19.0116962,72.8180702,"Century Bazaar, Worli",19.01273634,72.82394886,Scenic Lookout
588,Worli,19.0116962,72.8180702,Worli Sea Face Kebab rolls,19.00743037,72.81434632,Arcade
589,Worli,19.0116962,72.8180702,Godrej Nature's Basket,19.012846,72.823869,Gourmet Shop
590,Dadar,19.019282,72.8428757,Paaneri,19.02039418,72.84113089,Women's Store
591,Dadar,19.019282,72.8428757,Trupti Pure Vegetarian,19.02181751,72.84251947,Vegetarian / Vegan Restaurant
592,Dadar,19.019282,72.8428757,Shree Krishna Batata Wada,19.0201524,72.84247395,Fast Food Restaurant
593,Dadar,19.019282,72.8428757,Aaswad,19.020453,72.837185,Indian Restaurant
594,Dadar,19.019282,72.8428757,Shivaji Mandir,19.02255375,72.84204961,Movie Theater
595,Dadar,19.019282,72.8428757,Wholesale Flower Market,19.01804077,72.84162131,Flower Shop
596,Dadar,19.019282,72.8428757,Grandmama's Café,19.01667321,72.84611661,Café
597,Dadar,19.019282,72.8428757,Gomantak Restaurant,19.02305993,72.84220294,Maharashtrian Restaurant
598,Dadar,19.019282,72.8428757,Prakash- Shakahari Uphaar Kendra,19.02325383,72.8388492,Breakfast Spot
599,Dadar,19.019282,72.8428757,Kabutar khana,19.01919492,72.84050776,Plaza
600,Dadar,19.019282,72.8428757,Parag Juice Center,19.01830422,72.84710415,Juice Bar
601,Dadar,19.019282,72.8428757,Punjabi Tadka,19.01700311,72.84483338,Indian Restaurant
602,Dadar,19.019282,72.8428757,Jai Hind Lunch Home,19.0157597,72.83960767,Indian Restaurant
603,Dadar,19.019282,72.8428757,Shrikrishna Wada,19.01946787,72.8425387,Breakfast Spot
604,Dadar,19.019282,72.8428757,McDonald's,19.01705614,72.84261894,Fast Food Restaurant
605,Dadar,19.019282,72.8428757,Star Mall Dadar,19.02302715,72.84213294,Shopping Mall
606,Dadar,19.019282,72.8428757,Ramee Guestline Hotel,19.01708501,72.84470281,Hotel
607,Dadar,19.019282,72.8428757,D. Damodar Mithaiwala,19.01891056,72.84703902,Farmers Market
608,Dadar,19.019282,72.8428757,Gopal Krishna Bar & Restaurant,19.01856842,72.84112832,Bar
609,Dadar,19.019282,72.8428757,Cafe Coffee Day,19.01688025,72.84605819,Coffee Shop
610,Dadar,19.019282,72.8428757,Dadar Club,19.01757717,72.84539862,Lounge
611,Dadar,19.019282,72.8428757,Pritam Da Dhaba,19.0169631,72.84645253,Indian Restaurant
612,Dadar,19.019282,72.8428757,Cafe Colony Stores,19.01909445,72.84717162,Café
613,Dadar,19.019282,72.8428757,Hotel Midtown Pritam,19.01681643,72.84602261,Indian Restaurant
614,Dadar,19.019282,72.8428757,Kailash Lassi,19.01642394,72.84326568,Restaurant
615,Dadar,19.019282,72.8428757,Great punjab restaurant,19.01428105,72.84507809,Indian Restaurant
616,Dadar,19.019282,72.8428757,Shree Krishna Refreshment Centre,19.01755654,72.84412792,Indian Restaurant
617,Dadar,19.019282,72.8428757,INOX Nakshatra,19.01999668,72.84135591,Movie Theater
618,Dadar,19.019282,72.8428757,Cafe Coffee Day,19.01824074,72.84803139,Coffee Shop
619,Dadar,19.019282,72.8428757,Jyoti Veg Restaurant,19.017461,72.84780253,Vegetarian / Vegan Restaurant
620,Dadar,19.019282,72.8428757,Malvan Katta,19.02339165,72.84019566,Indian Restaurant
621,Dadar,19.019282,72.8428757,Sujata Veg. Treat,19.02289388,72.83858413,Indian Restaurant
622,Dadar,19.019282,72.8428757,McDonald's,19.02310608,72.84209278,Fast Food Restaurant
623,Dadar,19.019282,72.8428757,Hotel Sindhudurg,19.02304636,72.84097024,Indian Restaurant
624,Dadar,19.019282,72.8428757,"El Cafe, Coffee & More",19.0166473,72.84606877,Coffee Shop
625,Dadar,19.019282,72.8428757,Jai Hind,19.01573292,72.83964518,Restaurant
626,Dadar,19.019282,72.8428757,Anugraha (Pure Veg),19.02174757,72.83774403,Indian Restaurant
627,Bandra West,19.0583358,72.8302669,Almeida Park,19.05765637,72.8315414,Park
628,Bandra West,19.0583358,72.8302669,XVII Tea Room,19.05952568,72.82924728,Café
629,Bandra West,19.0583358,72.8302669,Indigo Deli,19.06171029,72.8299715,Deli / Bodega
630,Bandra West,19.0583358,72.8302669,St. Andrew's Auditorium,19.05667811,72.82867022,College Auditorium
631,Bandra West,19.0583358,72.8302669,Mac Craig,19.06154199,72.82889362,Bakery
632,Bandra West,19.0583358,72.8302669,Pali Bhavan,19.06208863,72.8294592,Indian Restaurant
633,Bandra West,19.0583358,72.8302669,Suzette,19.0615259,72.82908067,French Restaurant
634,Bandra West,19.0583358,72.8302669,Pali Village Café,19.062056,72.829506,Café
635,Bandra West,19.0583358,72.8302669,Godrej Nature's Basket,19.05550946,72.83193508,Gourmet Shop
636,Bandra West,19.0583358,72.8302669,Punjab Sweet House And Restaurant,19.06255315,72.82942296,Indian Restaurant
637,Bandra West,19.0583358,72.8302669,145 Bandra,19.06033041,72.82957059,Café
638,Bandra West,19.0583358,72.8302669,Nature's Basket,19.05553323,72.83177797,Gourmet Shop
639,Bandra West,19.0583358,72.8302669,Candies,19.06117622,72.82663422,Bakery
640,Bandra West,19.0583358,72.8302669,Karachi sweets n chaat,19.05512351,72.83149909,Snack Place
641,Bandra West,19.0583358,72.8302669,La Folie,19.05503332,72.82926006,Bakery
642,Bandra West,19.0583358,72.8302669,Hearsch Bakery,19.05511989,72.82700606,Bakery
643,Bandra West,19.0583358,72.8302669,Kitchen Garden by Suzette,19.06154547,72.82926199,Salad Place
644,Bandra West,19.0583358,72.8302669,Wok Express,19.06231959,72.82955517,Chinese Restaurant
645,Bandra West,19.0583358,72.8302669,Ray’s Café and Pizzeria,19.05499246,72.82835358,Pizza Place
646,Bandra West,19.0583358,72.8302669,Toto’s Garage,19.06240141,72.82984348,Pub
647,Bandra West,19.0583358,72.8302669,Elco Veg Restaurant,19.05579137,72.83325257,Snack Place
648,Bandra West,19.0583358,72.8302669,Bandra Gymkhana,19.05872552,72.82614832,Event Space
649,Bandra West,19.0583358,72.8302669,Soul Fry,19.06273857,72.82809409,Seafood Restaurant
650,Bandra West,19.0583358,72.8302669,Starbucks,19.059958,72.8322,Coffee Shop
651,Bandra West,19.0583358,72.8302669,Chocolateria San Churro,19.06191793,72.8344797,Dessert Shop
652,Bandra West,19.0583358,72.8302669,iThinkFitness,19.06104007,72.83260804,Gym / Fitness Center
653,Bandra West,19.0583358,72.8302669,Title Waves,19.06101924,72.83255049,Bookstore
654,Bandra West,19.0583358,72.8302669,Mamagoto,19.0548765,72.82839535,Asian Restaurant
655,Bandra West,19.0583358,72.8302669,IMBISS Meating Joint,19.05381565,72.8298506,German Restaurant
656,Bandra West,19.0583358,72.8302669,Jai Hind Lunch Home,19.06302018,72.82939367,Seafood Restaurant
657,Bandra West,19.0583358,72.8302669,A Chocolate Affair,19.06271542,72.82935211,Arcade
658,Bandra West,19.0583358,72.8302669,The Bandra Project,19.06033207,72.82947224,Italian Restaurant
659,Bandra West,19.0583358,72.8302669,Pali Market,19.06274086,72.82833556,Farmers Market
660,Bandra West,19.0583358,72.8302669,Watson gym,19.05968425,72.8323813,Gym / Fitness Center
661,Bandra West,19.0583358,72.8302669,Golconda Bowl,19.05597652,72.83418852,Indian Restaurant
662,Bandra West,19.0583358,72.8302669,Birdsong Café,19.05428317,72.82751633,Café
663,Bandra West,19.0583358,72.8302669,Hakkasan,19.06059419,72.83442819,Asian Restaurant
664,Bandra West,19.0583358,72.8302669,Janta Bar,19.06307698,72.8294109,Bar
665,Bandra West,19.0583358,72.8302669,Gondola's,19.06272486,72.82817685,Restaurant
666,Bandra West,19.0583358,72.8302669,Gold's Gym,19.06145941,72.82928534,Gym / Fitness Center
667,Bandra West,19.0583358,72.8302669,Elco Chat Corner,19.05576217,72.83321593,Indian Restaurant
668,Bandra West,19.0583358,72.8302669,Eat Around The Corner,19.06237274,72.83260659,Sandwich Place
669,Bandra West,19.0583358,72.8302669,A-1 Bakery,19.05472383,72.82633685,Bakery
670,Bandra West,19.0583358,72.8302669,Janata Bar,19.063047,72.82938597,Bar
671,Bandra West,19.0583358,72.8302669,Sahibaan,19.05937368,72.82958192,Indian Restaurant
672,Bandra West,19.0583358,72.8302669,Le Rêve (Globus Cinema),19.05601429,72.83395148,Indie Movie Theater
673,Bandra West,19.0583358,72.8302669,Pagal Pan Bhandar,19.05949505,72.82961952,Smoke Shop
674,Bandra West,19.0583358,72.8302669,Natural Ice Cream,19.05503809,72.82673847,Ice Cream Shop
675,Bandra West,19.0583358,72.8302669,Bora Bora,19.0621632,72.834468,Lounge
676,Bandra West,19.0583358,72.8302669,Poco Loco,19.06241109,72.82969147,Spanish Restaurant
677,Bandra West,19.0583358,72.8302669,The Irish House,19.06157485,72.82950646,Pub
678,Bandra West,19.0583358,72.8302669,Yacht Bar & Restaurant,19.05523233,72.83080995,Bar
679,Bandra West,19.0583358,72.8302669,Chéron,19.05525395,72.83064521,Café
680,Bandra West,19.0583358,72.8302669,Cafe Coffee Day,19.059539,72.829368,Café
681,Bandra West,19.0583358,72.8302669,Di Bella Coffee,19.06103619,72.8325262,Café
682,Bandra West,19.0583358,72.8302669,Barbeque Nation,19.05623646,72.83416713,BBQ Joint
683,Bandra West,19.0583358,72.8302669,Royalty Club,19.06050342,72.83470543,Nightclub
684,Bandra West,19.0583358,72.8302669,"Di Bella Coffee - Title Waves, Bandra",19.06102929,72.83252103,Coffee Shop
685,Bandra West,19.0583358,72.8302669,Pronto,19.05476489,72.82578869,Pizza Place
686,Bandra West,19.0583358,72.8302669,Five Spice Restraunt,19.05954992,72.83069437,Arcade
687,Bandra West,19.0583358,72.8302669,Santé,19.05499585,72.82827576,Bar
688,Bandra West,19.0583358,72.8302669,Hangla's,19.06218891,72.83491104,Food Truck
689,Bandra West,19.0583358,72.8302669,Sweetish House Mafia,19.06065493,72.82960846,Dessert Shop
690,Bandra West,19.0583358,72.8302669,Jai Hind,19.05606491,72.83488535,Seafood Restaurant
691,Bandra West,19.0583358,72.8302669,Fendi Boutique,19.05585323,72.83252999,Clothing Store
692,Bandra West,19.0583358,72.8302669,Lemon Leaf,19.05954195,72.82961746,Asian Restaurant
693,Bandra West,19.0583358,72.8302669,American Express Bakery,19.05479504,72.82677376,Bakery
694,Bandra West,19.0583358,72.8302669,BuSaGo,19.06152738,72.82918125,Asian Restaurant
695,Bandra West,19.0583358,72.8302669,Crossword,19.05950258,72.83166238,Bookstore
696,Bandra West,19.0583358,72.8302669,Caravan Serai,19.06222606,72.83447673,Indian Restaurant
697,Bandra West,19.0583358,72.8302669,Sigdi Restaurant,19.06157055,72.83327086,Indian Restaurant
698,Bandra West,19.0583358,72.8302669,D'Monte Park Recreation Centre,19.05962959,72.82599507,Event Space
699,Bandra West,19.0583358,72.8302669,Trios,19.05556767,72.83215302,Women's Store
700,Bandra West,19.0583358,72.8302669,Cuckoo Club by The Hive,19.06122262,72.82652759,Comedy Club
701,Bandra West,19.0583358,72.8302669,Yacht,19.0547446,72.82551189,Bar
702,Bandra West,19.0583358,72.8302669,Jam Jar Diner Bandra,19.05490611,72.82848362,Café
703,Bandra West,19.0583358,72.8302669,Mama Mia,19.05576712,72.83452921,Pizza Place
704,Bandra West,19.0583358,72.8302669,The Coffee Bean & Tea Leaf,19.05843309,72.83620926,Coffee Shop
705,Bandra West,19.0583358,72.8302669,Papa Pancho Da Dhaba,19.0615183,72.82913209,Indian Restaurant
706,Bandra West,19.0583358,72.8302669,Jim-me's Kitchen,19.05406858,72.83071115,Chinese Restaurant
707,Bandra West,19.0583358,72.8302669,China gate,19.0621412,72.83450952,Chinese Restaurant
708,Bandra West,19.0583358,72.8302669,Marks & Spencer,19.05605329,72.83406241,Men's Store
709,Bandra West,19.0583358,72.8302669,Tiffins,19.05935174,72.82956009,Chinese Restaurant
710,Bandra West,19.0583358,72.8302669,Kaitlyn's Beer Garden,19.0548481,72.82822152,Beer Garden
711,Bandra West,19.0583358,72.8302669,Amrut Sagar,19.05544461,72.83238029,Vegetarian / Vegan Restaurant
712,Bandra West,19.0583358,72.8302669,McDonald's,19.054657,72.82826,Fast Food Restaurant
713,Bandra West,19.0583358,72.8302669,Temptations,19.05611506,72.83413899,Pub
714,Bandra West,19.0583358,72.8302669,Ground Zero,19.05480766,72.82814026,Bar
715,Bandra West,19.0583358,72.8302669,Cocoa Café Ristorante,19.05490505,72.82822208,Mediterranean Restaurant
716,Bandra West,19.0583358,72.8302669,"Tavaa, bandra west",19.059626,72.83223995,Indian Restaurant
717,Bandra West,19.0583358,72.8302669,Yoko Sizzlers,19.05602787,72.83470706,Steakhouse
718,Bandra West,19.0583358,72.8302669,Hunger Pangs,19.05537314,72.8316491,Burger Joint
719,Bandra West,19.0583358,72.8302669,Shiv Sagar,19.06241467,72.8307054,Indian Restaurant
720,Bandra West,19.0583358,72.8302669,Bagelwala!,19.06046393,72.83177561,Bagel Shop
721,Bandra West,19.0583358,72.8302669,Snack Shack,19.06257935,72.82943552,Fast Food Restaurant
722,Bandra West,19.0583358,72.8302669,Balaji Restaurant,19.05520871,72.83063852,Indian Restaurant
723,Bandra West,19.0583358,72.8302669,Zaffran,19.05468869,72.82580023,Mughlai Restaurant
724,Bandra West,19.0583358,72.8302669,Tea Villa Cafe,19.05593211,72.83397317,Café
725,Bandra West,19.0583358,72.8302669,shree sagar veg restaurant,19.06244035,72.83077507,Indian Restaurant
726,Bandra West,19.0583358,72.8302669,Grand Residency,19.06172609,72.83268208,Hotel
727,Juhu,19.1070215,72.8275275,Prithvi Theatre,19.10615698,72.82580993,Theater
728,Juhu,19.1070215,72.8275275,Prithvi Cafe,19.10615321,72.82586611,Café
729,Juhu,19.1070215,72.8275275,Mahesh Lunch Home,19.10367994,72.82679442,Seafood Restaurant
730,Juhu,19.1070215,72.8275275,Float bar,19.10836552,72.82686303,Lounge
731,Juhu,19.1070215,72.8275275,Alfredo's,19.10691285,72.8262943,Pub
732,Juhu,19.1070215,72.8275275,Copa,19.10976501,72.82717204,Cocktail Bar
733,Juhu,19.1070215,72.8275275,Gadda Da Vida,19.1086364,72.82393576,Bar
734,Juhu,19.1070215,72.8275275,Facing East,19.11012004,72.82745431,Chinese Restaurant
735,Juhu,19.1070215,72.8275275,Novotel Juhu,19.1087247,72.8243382,Hotel
736,Juhu,19.1070215,72.8275275,The Spare Kitchen,19.10706453,72.82585665,Restaurant
737,Juhu,19.1070215,72.8275275,JW Marriott Mumbai Juhu,19.1020372,72.8261813,Hotel
738,Juhu,19.1070215,72.8275275,Krispy Kreme,19.10579965,72.82651672,Donut Shop
739,Juhu,19.1070215,72.8275275,Gajalee,19.10382741,72.83102813,Seafood Restaurant
740,Juhu,19.1070215,72.8275275,B'wiched,19.11125654,72.82661517,American Restaurant
741,Juhu,19.1070215,72.8275275,Olio,19.1088436,72.82392931,Italian Restaurant
742,Juhu,19.1070215,72.8275275,Juhu Vile Parle.,19.10470588,72.8244191,Beach
743,Juhu,19.1070215,72.8275275,Juhu Gymkhana Club,19.10844948,72.82698532,Gym / Fitness Center
744,Juhu,19.1070215,72.8275275,Temple Flower Restaurant,19.10687898,72.82633725,Asian Restaurant
745,Juhu,19.1070215,72.8275275,Motu's paanwala,19.10887078,72.82818904,Smoke Shop
746,Juhu,19.1070215,72.8275275,TrueTrammTrunk,19.1034515,72.83141268,Bar
747,Juhu,19.1070215,72.8275275,JW Marriot executive lounge,19.101686,72.825897,Lounge
748,Juhu,19.1070215,72.8275275,Melting Pot,19.10134314,72.82722083,Cocktail Bar
749,Juhu,19.1070215,72.8275275,Coffee Bean And Tea Leaf,19.11062746,72.82528212,Café
750,Juhu,19.1070215,72.8275275,Lotus Café,19.10177194,72.82566423,Indian Restaurant
751,Juhu,19.1070215,72.8275275,Sampan,19.10880477,72.82392235,Chinese Restaurant
752,Juhu,19.1070215,72.8275275,Fusion Wong's,19.10971666,72.82446354,Chinese Restaurant
753,Juhu,19.1070215,72.8275275,Sun-n-Sand Hotel,19.10931824,72.82382444,Hotel
754,Juhu,19.1070215,72.8275275,Sohum Spa,19.10437612,72.82960846,Spa
755,Juhu,19.1070215,72.8275275,Arola @ JW Marriott,19.10164733,72.82547686,Spanish Restaurant
756,Juhu,19.1070215,72.8275275,Fable,19.11107743,72.82813462,Pizza Place
757,Juhu,19.1070215,72.8275275,Quan Spa,19.10176213,72.82562472,Spa
758,Juhu,19.1070215,72.8275275,noodle bar,19.11067141,72.82543094,Asian Restaurant
759,Juhu,19.1070215,72.8275275,Bombay Baking Company,19.1018357,72.82592212,Bakery
760,Juhu,19.1070215,72.8275275,6th road sev puri,19.10717692,72.83290453,Snack Place
761,Juhu,19.1070215,72.8275275,Fresco Bakery,19.10935761,72.82648266,Bakery
762,Juhu,19.1070215,72.8275275,Subway,19.10364074,72.82672597,Sandwich Place
763,Juhu,19.1070215,72.8275275,Harry's,19.11066248,72.82534215,Bar
764,Juhu,19.1070215,72.8275275,Ontoes Pub,19.10364848,72.83085194,Bar
765,Juhu,19.1070215,72.8275275,Juhu Residency Boutique Hotel,19.10124764,72.82733862,Hotel
766,Juhu,19.1070215,72.8275275,Baskin-Robbins,19.10202067,72.82705212,Ice Cream Shop
767,Juhu,19.1070215,72.8275275,The Square @ Novotel,19.10876803,72.82397291,Lounge
768,Juhu,19.1070215,72.8275275,Aqua - Hotel Sun & Sand,19.10930013,72.82385328,Coffee Shop
769,Juhu,19.1070215,72.8275275,Mezzo Mezzo,19.10179614,72.82567016,Bar
770,Juhu,19.1070215,72.8275275,On Toes,19.10362707,72.83084823,Indian Restaurant
771,Juhu,19.1070215,72.8275275,R'Adda,19.10912076,72.82541301,Hotel Bar
772,Juhu,19.1070215,72.8275275,Saffron,19.10177107,72.82563405,Indian Restaurant
773,Juhu,19.1070215,72.8275275,Enigma Bar and Night Club,19.10176223,72.82577632,Nightclub
774,Juhu,19.1070215,72.8275275,Haochi,19.10921936,72.82382685,Chinese Restaurant
775,Juhu,19.1070215,72.8275275,BeachComber,19.10926517,72.82386147,Cocktail Bar
776,Juhu,19.1070215,72.8275275,cafe coffee day,19.10690536,72.82624755,Café
777,Juhu,19.1070215,72.8275275,Rock Bottom,19.10926533,72.82544883,Bar
778,Juhu,19.1070215,72.8275275,Costa Coffee,19.10754005,72.83194017,Café
779,Juhu,19.1070215,72.8275275,Jantar mantar,19.10733003,72.82608296,Indian Restaurant
780,Juhu,19.1070215,72.8275275,Costa Coffee,19.11107741,72.82806753,Coffee Shop
781,Juhu,19.1070215,72.8275275,Sohum Spa and Wellness sanctuary,19.10600897,72.83003544,Spa
782,Juhu,19.1070215,72.8275275,Ayaz kebab corner,19.1084559,72.8249174,Food Truck
783,Juhu,19.1070215,72.8275275,Cafe Coffee Day,19.1022986,72.82710427,Café
784,Juhu,19.1070215,72.8275275,RUKA,19.1092001,72.8254194,Japanese Restaurant
785,Juhu,19.1070215,72.8275275,The Class,19.10273114,72.82695684,Indian Restaurant
786,Juhu,19.1070215,72.8275275,Tulip Star,19.10372994,72.8260945,Hotel
787,Juhu,19.1070215,72.8275275,Spices,19.101805,72.82569166,Japanese Restaurant
788,Juhu,19.1070215,72.8275275,Pushpa Narsee Park,19.10454638,72.83091825,Park
789,Juhu,19.1070215,72.8275275,Geetanjali,19.10400168,72.83163372,Chinese Restaurant
790,Juhu,19.1070215,72.8275275,Juicy Tarain,19.103885,72.83157,Juice Bar
791,Juhu,19.1070215,72.8275275,sahakari bhandar,19.10362291,72.83141077,Grocery Store
792,Juhu,19.1070215,72.8275275,Mumbai,19.10184726,72.82745624,Dessert Shop
793,Juhu,19.1070215,72.8275275,Rock Bottom (Discotheque),19.11176395,72.82993158,Nightclub
794,Juhu,19.1070215,72.8275275,Options Juhu Store,19.10366848,72.83184721,Clothing Store
795,Juhu,19.1070215,72.8275275,Green Bell Juhu,19.10348879,72.83175489,Kids Store
796,Juhu,19.1070215,72.8275275,Yogurberry,19.10137489,72.82726157,Dessert Shop
797,Andheri,19.1196976,72.8464205,Merwans Cake shop,19.11930022,72.84541776,Bakery
798,Andheri,19.1196976,72.8464205,McDonald's,19.11969121,72.84610245,Fast Food Restaurant
799,Andheri,19.1196976,72.8464205,Narayan Sandwich,19.12139769,72.85027036,Sandwich Place
800,Andheri,19.1196976,72.8464205,Radha Krishna Veg Restaurant,19.11513014,72.84305963,Indian Restaurant
801,Andheri,19.1196976,72.8464205,Cafe Alfa,19.11966699,72.84355993,Indian Restaurant
802,Andheri,19.1196976,72.8464205,McDonald's,19.11841132,72.84800169,Fast Food Restaurant
803,Andheri,19.1196976,72.8464205,Vaibhav Restaurant,19.1182351,72.847991,Indian Restaurant
804,Andheri,19.1196976,72.8464205,Amar Restaurant,19.11819265,72.84521005,Restaurant
805,Andheri,19.1196976,72.8464205,Aditi Fast Food,19.11939868,72.84594857,Food Court
806,Andheri,19.1196976,72.8464205,Ideal Bakery,19.11983274,72.84617364,Burger Joint
807,Andheri,19.1196976,72.8464205,Alpha Restaurant,19.11884662,72.84491003,Indian Restaurant
808,Andheri,19.1196976,72.8464205,Amby Velly Resort,19.11939136,72.84609858,Golf Course
809,Andheri,19.1196976,72.8464205,Ginger-Candy Man,19.11759132,72.84620243,Food Truck
810,Andheri,19.1196976,72.8464205,Tian ccd,19.11655548,72.84810639,Café
811,Kalina,19.079273,72.8612672,Natural's Ice Cream,19.07755998,72.86303483,Ice Cream Shop
812,Kalina,19.079273,72.8612672,King Chilly,19.07838154,72.86634994,Chinese Restaurant
813,Kalina,19.079273,72.8612672,The Camp,19.07791687,72.8656431,Asian Restaurant
814,Kalina,19.079273,72.8612672,Sadichha,19.08168375,72.85576249,Seafood Restaurant
815,Kalina,19.079273,72.8612672,S l electronics,19.07758172,72.86472465,Electronics Store
816,Kalina,19.079273,72.8612672,king chilli kalina,19.07965972,72.86573178,Chinese Restaurant
817,Kalina,19.079273,72.8612672,Imbiss Meating joint,19.07830352,72.8659337,Burger Joint
818,Kalina,19.079273,72.8612672,Tip Top Kebab Corner,19.07834015,72.86635621,Snack Place
819,Kalina,19.079273,72.8612672,Workout World,19.07530906,72.86577373,Gym
820,Santa Cruz,19.0793694,72.8470855,Grand Hyatt,19.076832,72.85127,Hotel
821,Santa Cruz,19.0793694,72.8470855,K 11 Fitness Gym & Academy,19.07799425,72.84263076,Gym
822,Santa Cruz,19.0793694,72.8470855,Fifty Five East,19.07717372,72.8514313,Thai Restaurant
823,Santa Cruz,19.0793694,72.8470855,Runway,19.08349545,72.8481237,Outdoors & Recreation
824,Santa Cruz,19.0793694,72.8470855,Celini,19.07683076,72.85173356,Italian Restaurant
825,Santa Cruz,19.0793694,72.8470855,China House,19.07733382,72.85201844,Chinese Restaurant
826,Santa Cruz,19.0793694,72.8470855,Vienna Bakery,19.07925393,72.85207005,Bakery
827,Santa Cruz,19.0793694,72.8470855,Soma,19.07707942,72.85155776,Indian Restaurant
828,Santa Cruz,19.0793694,72.8470855,Grand Club Lounge,19.07703429,72.85130297,Café
829,Santa Cruz,19.0793694,72.8470855,Club Oasis Fitness & Spa,19.07693803,72.85131425,Gym / Fitness Center
830,Santa Cruz,19.0793694,72.8470855,Gopal Krishna,19.08089229,72.84242435,Indian Restaurant
831,Santa Cruz,19.0793694,72.8470855,Santacruz Railway Station,19.08110612,72.84212328,Train Station
832,Santa Cruz,19.0793694,72.8470855,Wine Bar,19.07684645,72.85162113,Wine Bar
833,Santa Cruz,19.0793694,72.8470855,55 East,19.0843887,72.84626589,Asian Restaurant
834,Santa Cruz,19.0793694,72.8470855,Mela,19.07620109,72.8516052,Food Court
835,Santa Cruz,19.0793694,72.8470855,Galaxy Hotel,19.08451736,72.84487541,Hotel
836,Santa Cruz,19.0793694,72.8470855,Golden Wave,19.08455082,72.84489272,Indian Restaurant
837,Mahim,19.0423145,72.8398344,Baba Falooda,19.03999466,72.84125909,Dessert Shop
838,Mahim,19.0423145,72.8398344,Cafe Irani Chai,19.0390964,72.8427195,Breakfast Spot
839,Mahim,19.0423145,72.8398344,Jaffer Bhai's Delhi Darbar,19.0414564,72.84074866,Indian Restaurant
840,Mahim,19.0423145,72.8398344,Sneha Restaurant,19.0375535,72.8421847,Indian Restaurant
841,Mahim,19.0423145,72.8398344,Kakori House,19.0376354,72.84214852,Indian Restaurant
842,Mahim,19.0423145,72.8398344,Domino's Pizza,19.04025247,72.84139437,Pizza Place
843,Mahim,19.0423145,72.8398344,Tazza Fast Food,19.0390519,72.84186645,Fast Food Restaurant
844,Mahim,19.0423145,72.8398344,Quarter House,19.03711467,72.84146204,Hotel Bar
845,Mahim,19.0423145,72.8398344,Xavier Institute of Engineering,19.04506065,72.84171581,Arcade
846,Mahim,19.0423145,72.8398344,Mahim Railway Station,19.04343117,72.84442538,Train Station
847,Khar,19.0696584,72.8398944,Round About,19.07122248,72.83990235,Hookah Bar
848,Khar,19.0696584,72.8398944,Khar Social,19.06824342,72.83802654,Bar
849,Khar,19.0696584,72.8398944,Doolally Taproom,19.07065498,72.83973999,Beer Bar
850,Khar,19.0696584,72.8398944,Quarter Pillar,19.07037741,72.83966177,Bar
851,Khar,19.0696584,72.8398944,3 Wise Monkeys,19.07054503,72.83965894,Pub
852,Khar,19.0696584,72.8398944,antiSOCIAL,19.0682516,72.83800805,Nightclub
853,Khar,19.0696584,72.8398944,Hoppipola,19.06823134,72.83789525,Bar
854,Khar,19.0696584,72.8398944,Willingdon Catholic Gymkhana,19.0751789,72.8399831,Gym / Fitness Center
855,Khar,19.0696584,72.8398944,Rajasthan Family Restaurant,19.06743302,72.83729629,Restaurant
856,Khar,19.0696584,72.8398944,Jugheads,19.06804887,72.83762864,Beer Garden
857,Khar,19.0696584,72.8398944,Vrindavan hotel,19.06931149,72.83939472,Indian Restaurant
858,Khar,19.0696584,72.8398944,24 lounge,19.06984519,72.83834961,Café
859,Khar,19.0696584,72.8398944,U Turn,19.07127438,72.83998212,Pub
860,Khar,19.0696584,72.8398944,Me So Happi,19.0711265,72.8339804,Comfort Food Restaurant
861,Khar,19.0696584,72.8398944,Kosmic,19.07122877,72.83977336,Indian Restaurant
862,Khar,19.0696584,72.8398944,Shree Krishna Chhaya,19.07051049,72.83881946,Indian Restaurant
863,Khar,19.0696584,72.8398944,The Hangover,19.07114205,72.83956152,Lounge
864,Khar,19.0696584,72.8398944,Guess Store,19.07094489,72.83411479,Clothing Store
865,Khar,19.0696584,72.8398944,Jughead's,19.07059685,72.83884033,Gastropub
866,Khar,19.0696584,72.8398944,Raasta,19.06822379,72.83802121,Lounge
867,Khar,19.0696584,72.8398944,Cafe Coffee Day,19.07120354,72.83600807,Coffee Shop
868,Khar,19.0696584,72.8398944,Tharu Sweets Khar,19.06771588,72.83650352,Dessert Shop
869,Khar,19.0696584,72.8398944,Mirzaghalib & The Indian Food,19.06903559,72.84020773,Indian Restaurant
870,Khar,19.0696584,72.8398944,"Big Daddy - Pizzas, Pastas n more",19.07068698,72.83972211,Pizza Place
871,Khar,19.0696584,72.8398944,The Habitat,19.070498,72.83983,Amphitheater
872,Khar,19.0696584,72.8398944,Cocktails & Dreams Bar Solutions,19.06829338,72.83869605,College Technology Building
873,Khar,19.0696584,72.8398944,Hotel Sahil,19.06691285,72.83735993,Indian Restaurant
874,Khar,19.0696584,72.8398944,Oh! Calcutta,19.06782372,72.83737385,Bengali Restaurant
875,Khar,19.0696584,72.8398944,Hotel Rajasthan,19.06758064,72.83729457,Indian Restaurant
876,Khar,19.0696584,72.8398944,McDonald's,19.06565767,72.83683817,Fast Food Restaurant
877,Khar,19.0696584,72.8398944,"Bachelor's cafe, Marine drive",19.07156855,72.8439465,Fast Food Restaurant
878,Khar,19.0696584,72.8398944,Guitar Hall – Guitar Academy And Boutique™ - Santacruz,19.06406485,72.84072876,Music Venue
879,Khar,19.0696584,72.8398944,Iosis Medi Spa,19.06961866,72.83372821,Massage Studio
880,Kurla,19.0652797,72.8793805,Swastik Farsan Mart,19.06598884,72.87883792,Grocery Store
881,Kurla,19.0652797,72.8793805,Jumbo Vada Paav,19.06761539,72.87881008,Fast Food Restaurant
882,Kurla,19.0652797,72.8793805,Ambedkar Ground,19.06363446,72.88122721,Cricket Ground
883,Kurla,19.0652797,72.8793805,Kurla Market,19.06340841,72.88280208,Arts & Crafts Store
884,Kurla,19.0652797,72.8793805,Savali Restaurant,19.06254487,72.88164833,Vegetarian / Vegan Restaurant
885,Kurla,19.0652797,72.8793805,Chheda Super Market,19.06309137,72.88267851,Convenience Store
886,Kurla,19.0652797,72.8793805,Timberland,19.06436906,72.87488937,Shoe Store
887,Kurla,19.0652797,72.8793805,Sion Railway station,19.06475536,72.87345654,Train Station
888,Ghatkopar,19.0859539,72.9082381,Meghdoot,19.08716474,72.90859737,Indian Restaurant
889,Ghatkopar,19.0859539,72.9082381,World's gym,19.08408692,72.90669643,Gym / Fitness Center
890,Ghatkopar,19.0859539,72.9082381,Bougan Villa,19.08545315,72.90888332,Restaurant
891,Ghatkopar,19.0859539,72.9082381,Mad Over Donuts,19.08781197,72.90490866,Donut Shop
892,Ghatkopar,19.0859539,72.9082381,Kandoi haribhai damodar mithaiwala,19.08216101,72.90464479,Dessert Shop
893,Ghatkopar,19.0859539,72.9082381,Naturals,19.08018148,72.9082563,Ice Cream Shop
894,Ghatkopar,19.0859539,72.9082381,Cafe Coffee Day,19.08877601,72.90777358,Coffee Shop
895,Ghatkopar,19.0859539,72.9082381,Popular Hotel,19.0821745,72.90973761,Indian Restaurant
896,Ghatkopar,19.0859539,72.9082381,Samrat Hotel,19.08541105,72.90803899,Indian Restaurant
897,Ghatkopar,19.0859539,72.9082381,Domino's Pizza,19.085,72.909,Pizza Place
898,Ghatkopar,19.0859539,72.9082381,Pizza Etc,19.08247012,72.90852727,Pizza Place
899,Ghatkopar,19.0859539,72.9082381,Bharat Cafe,19.08558559,72.90744836,Indian Restaurant
900,Ghatkopar,19.0859539,72.9082381,Exotic Flavours,19.08364047,72.90911763,Indian Restaurant
901,Ghatkopar,19.0859539,72.9082381,Mulla Juicewala,19.08876733,72.90776079,Juice Bar
902,Ghatkopar,19.0859539,72.9082381,Ghatkopar Bakery,19.08877015,72.907765,Bakery
903,Ghatkopar,19.0859539,72.9082381,Variety Infotech,19.08877458,72.90775836,Electronics Store
904,Ghatkopar,19.0859539,72.9082381,World of Titan,19.08789449,72.90525873,Accessories Store
905,Ghatkopar,19.0859539,72.9082381,Radha Krishna Wine-N-Dine,19.08937822,72.90803899,Indian Restaurant
906,Ghatkopar,19.0859539,72.9082381,shiv sagar,19.09015222,72.90889267,Vegetarian / Vegan Restaurant
907,Ghatkopar,19.0859539,72.9082381,Capresso,19.0855116,72.91280836,Café
908,Ghatkopar,19.0859539,72.9082381,The Roa Hotel,19.09044508,72.90880581,Bed & Breakfast
909,Ghatkopar,19.0859539,72.9082381,Celio R City Mall,19.08972822,72.90423274,Men's Store
910,Chembur,19.0612128,72.8975909,Le Café,19.06179099,72.89947915,Café
911,Chembur,19.0612128,72.8975909,Sadguru Juice and Snacks,19.06219113,72.90053772,Indian Restaurant
912,Chembur,19.0612128,72.8975909,Astrix - The Lounge,19.06167989,72.8995401,Bar
913,Chembur,19.0612128,72.8975909,The Royal Orchid,19.06173895,72.90159579,Asian Restaurant
914,Chembur,19.0612128,72.8975909,Chembur Post Office Wada Pav,19.05693966,72.89805638,Snack Place
915,Chembur,19.0612128,72.8975909,Geeta Bhavan,19.06066789,72.90048753,Indian Restaurant
916,Chembur,19.0612128,72.8975909,Ambedkar Udyan,19.05960196,72.90048838,Garden
917,Chembur,19.0612128,72.8975909,Saroj Veg Restaurant,19.06242549,72.89969264,Vegetarian / Vegan Restaurant
918,Chembur,19.0612128,72.8975909,Sadguru Veg. Diet,19.06114496,72.89965198,Restaurant
919,Chembur,19.0612128,72.8975909,Sunny Restaurant Chembur,19.06396045,72.89627503,Indian Restaurant
920,Chembur,19.0612128,72.8975909,Fine Arts Society,19.06099343,72.89736194,Performing Arts Venue
921,Chembur,19.0612128,72.8975909,AF-10 Avenue Fitness,19.06065874,72.89898068,Gym / Fitness Center
922,Chembur,19.0612128,72.8975909,Sadguru,19.06156384,72.89954946,Vegetarian / Vegan Restaurant
923,Chembur,19.0612128,72.8975909,Wild Orchid,19.06173406,72.90172136,Lounge
924,Chembur,19.0612128,72.8975909,Vaishali Garden,19.06180017,72.90117695,Seafood Restaurant
925,Chembur,19.0612128,72.8975909,The Golden Lawn,19.06015128,72.89697173,Indian Restaurant
926,Chembur,19.0612128,72.8975909,Blend n Brew,19.0606602,72.89995226,Bar
927,Chembur,19.0612128,72.8975909,Grand Central,19.0613737,72.90057508,Indian Restaurant
928,Chembur,19.0612128,72.8975909,Cafe Udipi,19.06151018,72.90067343,Indian Restaurant
929,Chembur,19.0612128,72.8975909,cafe coffee day,19.06151377,72.90042747,Café
930,Chembur,19.0612128,72.8975909,Hotel Saroj,19.05639634,72.89774104,Indian Restaurant
931,Chembur,19.0612128,72.8975909,Gold's Gym,19.05644451,72.8960854,Gym
932,Chembur,19.0612128,72.8975909,Grilled House Kabab Corner,19.05904157,72.90099599,Indian Restaurant
933,Chembur,19.0612128,72.8975909,Oven Hot,19.05710137,72.89821566,Bakery
934,Chembur,19.0612128,72.8975909,Chembur Monorail Station,19.0609774,72.89737318,Light Rail Station
935,Chembur,19.0612128,72.8975909,Dhanraj Restro & Bar,19.06177277,72.89801953,Restaurant
936,Chembur,19.0612128,72.8975909,Chembur Veggie Market,19.06318477,72.89842909,Market
937,Chembur,19.0612128,72.8975909,Ratnagiri,19.06087711,72.9004256,Seafood Restaurant
938,Chembur,19.0612128,72.8975909,Sunny Hotel,19.06389767,72.89632198,Seafood Restaurant
939,Chembur,19.0612128,72.8975909,U 'n' Me Kids 'n' Teens,19.05856977,72.90062682,Kids Store
940,Chembur,19.0612128,72.8975909,Zero Spa & Salon,19.05753417,72.90053453,Salon / Barbershop
941,Govandi,19.0553688,72.9150702,Govandi Station,19.0548487,72.9156182,Platform
942,Govandi,19.0553688,72.9150702,Safe Express,19.05508229,72.91568741,Paper / Office Supplies Store
943,Govandi,19.0553688,72.9150702,Gavand Vada Pao center,19.05509982,72.91481645,Hot Dog Joint
944,Govandi,19.0553688,72.9150702,Natraj Store,19.05504532,72.91561243,Food & Drink Shop
945,Govandi,19.0553688,72.9150702,Sadhguru Veg Diet,19.05493483,72.91558359,Indian Restaurant
946,Govandi,19.0553688,72.9150702,Lucky Restaurant & Banquets,19.05205021,72.91039596,Indian Restaurant
947,Mulund West,19.1719717,72.9511956,Naturals Ice Cream,19.17151542,72.95012739,Dessert Shop
948,Mulund West,19.1719717,72.9511956,Tarkeshwar Snacks & Juice Center,19.17222805,72.95067309,Snack Place
949,Mulund West,19.1719717,72.9511956,Vishwa Bharti,19.17254797,72.95599201,Indian Restaurant
950,Mulund West,19.1719717,72.9511956,R Steam Hot,19.17568794,72.95247688,Fast Food Restaurant
951,Mulund West,19.1719717,72.9511956,"R mall, Mulund west",19.17537466,72.95050598,Shopping Mall
952,Mulund West,19.1719717,72.9511956,Kalidas Badminton Court,19.17411845,72.94887743,Athletics & Sports
953,Mulund West,19.1719717,72.9511956,McDonald's,19.17308365,72.95693615,Fast Food Restaurant
954,Mulund West,19.1719717,72.9511956,Sandeep Bar and Restaurant,19.1758785,72.95238333,Bar
955,Mulund West,19.1719717,72.9511956,Mahakavi Kalidas Natya Mandir,19.1734081,72.94901229,Theater
956,Mulund West,19.1719717,72.9511956,Cafe Coffee Day,19.17134238,72.95464673,Café
957,Mulund West,19.1719717,72.9511956,Kirti Mahal,19.17556248,72.9525779,Indian Restaurant
958,Mulund West,19.1719717,72.9511956,Prabhu ice cream,19.17261052,72.95602388,Ice Cream Shop
959,Mulund West,19.1719717,72.9511956,Mulund West Market,19.17300544,72.95452562,Flea Market
960,Mulund West,19.1719717,72.9511956,McDonald's,19.16848198,72.95222457,Fast Food Restaurant
961,Mulund West,19.1719717,72.9511956,Achija Fast Food Hotel,19.17150162,72.9503006,Fast Food Restaurant
962,Mulund West,19.1719717,72.9511956,Mulund Railway Station,19.17239479,72.95666456,Train Station
963,Powai,19.1187195,72.9073476,Mirchi And Mime,19.12001958,72.90744773,North Indian Restaurant
964,Powai,19.1187195,72.9073476,Mia Cucina,19.12016999,72.90721689,Italian Restaurant
965,Powai,19.1187195,72.9073476,Cafe Mangii,19.12026013,72.90705214,Italian Restaurant
966,Powai,19.1187195,72.9073476,Starbucks,19.11631736,72.90970027,Coffee Shop
967,Powai,19.1187195,72.9073476,Hitchki,19.1200462,72.90735414,Bar
968,Powai,19.1187195,72.9073476,Powai Lake Promenade,19.11966548,72.90499449,Scenic Lookout
969,Powai,19.1187195,72.9073476,Theobroma,19.1159234,72.90892123,Bakery
970,Powai,19.1187195,72.9073476,Hiranandani Circle,19.11704214,72.91031739,Plaza
971,Powai,19.1187195,72.9073476,Aromas Café,19.11694098,72.91008154,Café
972,Powai,19.1187195,72.9073476,Love and Cheesecake,19.11533359,72.90731531,Dessert Shop
973,Powai,19.1187195,72.9073476,Mad over Donuts,19.11584677,72.90880473,Donut Shop
974,Powai,19.1187195,72.9073476,"Meluha, The Fern",19.11772548,72.91111434,Hotel
975,Powai,19.1187195,72.9073476,Natural Icecream Parlour,19.11523613,72.90710742,Ice Cream Shop
976,Powai,19.1187195,72.9073476,Mainland China,19.11569631,72.90868745,Chinese Restaurant
977,Powai,19.1187195,72.9073476,Le Pain Quotidien,19.11857965,72.91162437,Bakery
978,Powai,19.1187195,72.9073476,One Fitness Hub And Spa,19.12108278,72.90969919,Gym / Fitness Center
979,Powai,19.1187195,72.9073476,Madeira & Mime,19.12018467,72.90712781,Gastropub
980,Powai,19.1187195,72.9073476,Subway,19.11568826,72.90862161,Sandwich Place
981,Powai,19.1187195,72.9073476,TIARA,19.11777357,72.91113076,Indian Restaurant
982,Powai,19.1187195,72.9073476,Forest Club,19.11434822,72.90727759,Pool
983,Powai,19.1187195,72.9073476,Haiko Supermarket,19.11827738,72.91144837,Department Store
984,Powai,19.1187195,72.9073476,Utsav Cuisine,19.11832428,72.90643711,Indian Restaurant
985,Powai,19.1187195,72.9073476,K-3 Snacks & Sweets,19.1167244,72.9100385,Snack Place
986,Powai,19.1187195,72.9073476,Suzette,19.11722164,72.9097497,Creperie
987,Powai,19.1187195,72.9073476,Sigree Global Grill,19.11653923,72.9098797,Indian Restaurant
988,Powai,19.1187195,72.9073476,Harry's,19.11730438,72.90989412,Bar
989,Powai,19.1187195,72.9073476,Red Olives Powai,19.11643316,72.90906571,Restaurant
990,Powai,19.1187195,72.9073476,The Beatle Hotel Mumbai,19.12130622,72.90985529,Bed & Breakfast
991,Powai,19.1187195,72.9073476,Haagen Dazs,19.11601352,72.90904979,Ice Cream Shop
992,Powai,19.1187195,72.9073476,"Galleria,Hiranandani Gardens",19.11900226,72.91155176,Arcade
993,Powai,19.1187195,72.9073476,Red Olive,19.1159529,72.90898168,Indian Restaurant
994,Powai,19.1187195,72.9073476,Cafe Bean Garu,19.11835528,72.91154043,Restaurant
995,Powai,19.1187195,72.9073476,China Valley,19.11800858,72.90661676,Chinese Restaurant
996,Powai,19.1187195,72.9073476,Baskin-Robbins,19.11529922,72.90761791,Ice Cream Shop
997,Powai,19.1187195,72.9073476,Janta Bakery,19.11520977,72.90681614,Bakery
998,Powai,19.1187195,72.9073476,Godrej Nature Basket,19.11986865,72.90787599,Grocery Store
999,Powai,19.1187195,72.9073476,Jugheads,19.11972531,72.90126429,Pub
1000,Powai,19.1187195,72.9073476,Mohini Fast Food,19.1157725,72.90825285,Fast Food Restaurant
1001,Powai,19.1187195,72.9073476,KFC,19.11888524,72.91141079,Fast Food Restaurant
1002,Powai,19.1187195,72.9073476,Rodas Hotel,19.11859072,72.91185248,Lounge
1003,Powai,19.1187195,72.9073476,The Four Fountains Spa,19.11420211,72.90912339,Spa
1004,Powai,19.1187195,72.9073476,Dunkin Donuts & More,19.11992213,72.90918346,Donut Shop
1005,Powai,19.1187195,72.9073476,Chillis Hiranandani,19.11631735,72.90946011,Restaurant
1006,Powai,19.1187195,72.9073476,Westside,19.11837994,72.9114811,Clothing Store
1007,Powai,19.1187195,72.9073476,Kareem's,19.11909518,72.91144181,Indian Restaurant
1008,Powai,19.1187195,72.9073476,Chili's Grill & Bar,19.1162703,72.90945449,Tex-Mex Restaurant
1009,Powai,19.1187195,72.9073476,Chaayos,19.11568073,72.90864106,Tea Room
1010,Powai,19.1187195,72.9073476,Pizza Hut,19.12034205,72.91082498,Pizza Place
1011,Powai,19.1187195,72.9073476,Domino's Pizza,19.11598319,72.90896673,Pizza Place
1012,Powai,19.1187195,72.9073476,no 101,19.11699831,72.91029349,Dhaba
1013,Powai,19.1187195,72.9073476,Hoppipola,19.11899838,72.9113932,Bar
1014,Powai,19.1187195,72.9073476,Galleria Mall,19.11921912,72.91150399,Shopping Mall
1015,Powai,19.1187195,72.9073476,Krispy Kreme,19.11602209,72.90908552,Dessert Shop
1016,Powai,19.1187195,72.9073476,Breeze,19.11351972,72.90832039,Lounge
1017,Powai,19.1187195,72.9073476,Asian Wok,19.11912688,72.91136141,Asian Restaurant
1018,Powai,19.1187195,72.9073476,Bhojohri Manna,19.11900801,72.91124605,Indian Restaurant
1019,Powai,19.1187195,72.9073476,Costa Coffee,19.11882926,72.91132272,Coffee Shop
1020,Powai,19.1187195,72.9073476,Parathas,19.11941681,72.91140179,Indian Restaurant
1021,Powai,19.1187195,72.9073476,DMart,19.11706768,72.91032316,Department Store
1022,Powai,19.1187195,72.9073476,China House,19.11898731,72.91122518,Chinese Restaurant
1023,Powai,19.1187195,72.9073476,The Bridge Cafe,19.11770127,72.91083075,Coffee Shop
1024,Powai,19.1187195,72.9073476,hiranandi complex,19.11740247,72.91089997,Department Store
1025,Powai,19.1187195,72.9073476,Mini Punjab,19.1237068,72.90953458,Indian Restaurant
1026,Powai,19.1187195,72.9073476,Dosa maker,19.11928392,72.91141909,Fast Food Restaurant
1027,Powai,19.1187195,72.9073476,Retro Rewind Cafe,19.12254284,72.90845429,Café
1028,Powai,19.1187195,72.9073476,Dolphy's,19.11942219,72.91160345,Mexican Restaurant
1029,Powai,19.1187195,72.9073476,Far East,19.11853634,72.91178248,Asian Restaurant
1030,Powai,19.1187195,72.9073476,Mini Punjab's Lake Side Restaurant,19.12356913,72.90952203,Indian Restaurant
1031,Powai,19.1187195,72.9073476,Jean Claude Biguine Salon And Spa,19.11503361,72.91196705,Spa
1032,Jogeshwari,19.1348994,72.8488199,Jaffer Bhai's Delhi Darbar,19.13771406,72.84590931,Mughlai Restaurant
1033,Jogeshwari,19.1348994,72.8488199,Persia Darbar,19.13695165,72.84682154,Indian Restaurant
1034,Jogeshwari,19.1348994,72.8488199,"5 Spice , Bandra",19.13042108,72.84720634,Chinese Restaurant
1035,Jogeshwari,19.1348994,72.8488199,Domino's Pizza,19.131,72.848,Pizza Place
1036,Jogeshwari,19.1348994,72.8488199,Bostan Restaurant,19.13589827,72.84758136,Asian Restaurant
1037,Jogeshwari,19.1348994,72.8488199,Delhi Zaika,19.132159,72.844406,Halal Restaurant
1038,Malad,19.1867193,72.8485884,Gupta's Bhel and Pani Puri House,19.18452684,72.845946,Snack Place
1039,Malad,19.1867193,72.8485884,MM Mithaiwala,19.18732277,72.84816409,Dessert Shop
1040,Malad,19.1867193,72.8485884,Aditi,19.18517985,72.84671757,Fast Food Restaurant
1041,Malad,19.1867193,72.8485884,Malad Railway Station,19.1871003,72.84867758,Train
1042,Malad,19.1867193,72.8485884,aditi fast food hotel,19.18531684,72.84671015,Fast Food Restaurant
1043,Malad,19.1867193,72.8485884,El Grotto,19.18449382,72.84692363,Gastropub
1044,Malad,19.1867193,72.8485884,Alka Vihar Veg. Restaurant,19.18409899,72.84677806,Indian Restaurant
1045,Malad,19.1867193,72.8485884,Milan,19.18810164,72.8516258,Indian Restaurant
1046,Malad,19.1867193,72.8485884,Sapna Veg. Restaurant,19.19220289,72.8469294,Fast Food Restaurant
1047,Borivali,19.229068,72.8573628,Mangesh Vada Pav,19.22729467,72.85555479,Food Truck
1048,Borivali,19.229068,72.8573628,Gelato Italiano,19.23010464,72.85351819,Ice Cream Shop
1049,Borivali,19.229068,72.8573628,Raju's Kitchen,19.23150625,72.86030295,Chinese Restaurant
1050,Borivali,19.229068,72.8573628,Pooja Malai Gola,19.23075629,72.85346461,Ice Cream Shop
1051,Borivali,19.229068,72.8573628,Rajendra Fast Food II,19.23086833,72.85249699,Fast Food Restaurant
1052,Borivali,19.229068,72.8573628,Ajay Arvindbhai Khatri,19.23321773,72.85696742,Clothing Store
1053,Borivali,19.229068,72.8573628,Kuku's chinese,19.22862992,72.85475074,Chinese Restaurant
1054,Borivali,19.229068,72.8573628,ANUPAM STATIONERY SUPERSTORE PVT. LTD.,19.22765292,72.85552783,Department Store
1055,Borivali,19.229068,72.8573628,Subway,19.23249168,72.85392686,Sandwich Place
1056,Borivali,19.229068,72.8573628,Su Veg,19.2269131,72.85538171,Restaurant
1057,Borivali,19.229068,72.8573628,Bunty Juice Centre,19.23146999,72.85248963,Juice Bar
1058,Borivali,19.229068,72.8573628,JumboKing,19.23075274,72.85645069,Burger Joint
1059,Borivali,19.229068,72.8573628,Prabodhankar Thackeray Natya Mandir,19.23336338,72.85446167,Theater
1060,Borivali,19.229068,72.8573628,90ft Above,19.22848415,72.85261444,Lounge
1061,Borivali,19.229068,72.8573628,Girgaon Katta,19.23094604,72.85205681,Indian Restaurant
1062,Borivali,19.229068,72.8573628,Pantaloons Borivali (west),19.23064054,72.85680674,Clothing Store
1063,Borivali,19.229068,72.8573628,Temptations,19.23334029,72.85359319,Ice Cream Shop
1064,Borivali,19.229068,72.8573628,Gora Gandhi Juice Corner and Veg World - Pure Veg,19.23075458,72.85650024,Snack Place
1065,Borivali,19.229068,72.8573628,Cafe Coffee Day,19.22744921,72.85547814,Café
1066,Borivali,19.229068,72.8573628,Neo Politan Pizza,19.225862,72.854899,Pizza Place
1067,Borivali,19.229068,72.8573628,Radha Krishna Veg World,19.22868919,72.85452211,Vegetarian / Vegan Restaurant
1068,Borivali,19.229068,72.8573628,Jambli galli,19.22630581,72.85248545,Convenience Store
1069,Borivali,19.229068,72.8573628,Merwans Cake Shop,19.229978,72.853372,Bakery
1070,Borivali,19.229068,72.8573628,Uma Hotel,19.23351529,72.85799523,Vegetarian / Vegan Restaurant
1071,Borivali,19.229068,72.8573628,Spykar,19.2335303,72.85856062,Clothing Store
1072,Borivali,19.229068,72.8573628,Raju Sandwich Corner,19.23424469,72.85759137,Sandwich Place
1073,Mira Road,19.1878962,72.8365955,Sun Moon & Potatoes,19.18900248,72.83480297,Italian Restaurant
1074,Mira Road,19.1878962,72.8365955,Slice of Lime,19.18948857,72.83471101,Bar
1075,Mira Road,19.1878962,72.8365955,Infiniti Mall,19.18469164,72.83491373,Shopping Mall
1076,Mira Road,19.1878962,72.8365955,ZARA,19.18479613,72.83404622,Clothing Store
1077,Mira Road,19.1878962,72.8365955,OnToes,19.18672561,72.83524569,Pub
1078,Mira Road,19.1878962,72.8365955,Starbucks,19.18486003,72.83426558,Coffee Shop
1079,Mira Road,19.1878962,72.8365955,Forever 21,19.18473149,72.83458216,Clothing Store
1080,Mira Road,19.1878962,72.8365955,Bikaji Food Junxon,19.18702987,72.83566112,Asian Restaurant
1081,Mira Road,19.1878962,72.8365955,The Laughing Cavalier,19.1892011,72.83755928,American Restaurant
1082,Mira Road,19.1878962,72.8365955,Jimis burger,19.191952,72.83374,Burger Joint
1083,Mira Road,19.1878962,72.8365955,Zaffran,19.18473196,72.83401379,Indian Restaurant
1084,Mira Road,19.1878962,72.8365955,Mainland China,19.18474289,72.8340479,Chinese Restaurant
1085,Mira Road,19.1878962,72.8365955,Hotel Sai Palace Grand,19.18939218,72.83532981,Bed & Breakfast
1086,Mira Road,19.1878962,72.8365955,The Coffee Bean & Tea Leaf,19.18478002,72.83408049,Café
1087,Mira Road,19.1878962,72.8365955,Sigree Global Grill,19.18636575,72.83471937,BBQ Joint
1088,Mira Road,19.1878962,72.8365955,Buckets And Tuckets Infiniti Malad,19.18477147,72.83411167,Burrito Place
1089,Mira Road,19.1878962,72.8365955,Score Sports Bar And Grill,19.18669229,72.83486442,Sports Bar
1090,Mira Road,19.1878962,72.8365955,Liberty Garden (लिबर्टी गार्डन),19.18820047,72.8409001,Garden
1091,Mira Road,19.1878962,72.8365955,Mad Over Donuts,19.18474869,72.83412573,Donut Shop
1092,Mira Road,19.1878962,72.8365955,Moktu Momo,19.18473502,72.83408594,Dim Sum Restaurant
1093,Mira Road,19.1878962,72.8365955,Cinemax,19.18477022,72.83405523,Multiplex
1094,Mira Road,19.1878962,72.8365955,Peoples Gym,19.19112597,72.83391595,Gym
1095,Mira Road,19.1878962,72.8365955,Jugheads's,19.18930239,72.83450497,Pub
1096,Mira Road,19.1878962,72.8365955,Bodhi Thai Spa,19.18536191,72.83250406,Spa
1097,Mira Road,19.1878962,72.8365955,The Peking Tom,19.18926161,72.83445467,Chinese Restaurant
1098,Mira Road,19.1878962,72.8365955,Lemon Grass Restaurant,19.18728923,72.83518799,Bar
1099,Mira Road,19.1878962,72.8365955,Vero Moda,19.18483905,72.83426326,Women's Store
1100,Mira Road,19.1878962,72.8365955,Steve Madden,19.18462596,72.83461677,Shoe Store
1101,Mira Road,19.1878962,72.8365955,Pantaloons,19.18478172,72.83408432,Clothing Store
1102,Mira Road,19.1878962,72.8365955,Cafe Moshe's,19.18481022,72.83407096,Café
1103,Mira Road,19.1878962,72.8365955,Flags,19.18955132,72.84209182,Vegetarian / Vegan Restaurant
1104,Mira Road,19.1878962,72.8365955,Subway,19.18475323,72.83414438,Sandwich Place
1105,Mira Road,19.1878962,72.8365955,KFC,19.19276952,72.83437891,Fast Food Restaurant
1106,Mira Road,19.1878962,72.8365955,F!@# THE NAME,19.18326119,72.83601849,Pub
1107,Mira Road,19.1878962,72.8365955,Panchmukhi Restaurant And Bar,19.18346669,72.8361787,Hotel Bar
1108,Mira Road,19.1878962,72.8365955,Silver Oaks,19.19072672,72.83716016,Restaurant
1109,Mira Road,19.1878962,72.8365955,California Pizza Kitchen,19.18467289,72.8340218,Pizza Place
1110,Mira Road,19.1878962,72.8365955,Landmark Veg Diet,19.19264828,72.83449601,Fast Food Restaurant
1111,Mira Road,19.1878962,72.8365955,Barista Lavazza,19.18399345,72.83577524,Coffee Shop
1112,Mira Road,19.1878962,72.8365955,Spark,19.18351616,72.83583999,Diner
1113,Mira Road,19.1878962,72.8365955,Infiniti II,19.18369964,72.83570728,Shopping Mall
1114,Mira Road,19.1878962,72.8365955,Gelato,19.18425908,72.8400981,Ice Cream Shop
1115,Mira Road,19.1878962,72.8365955,Shree Dutt Snacks (श्री दत्त),19.18756259,72.84224964,Fast Food Restaurant
1116,Mira Road,19.1878962,72.8365955,Mothers bakery,19.18528967,72.84165016,Bakery
1117,Mira Road,19.1878962,72.8365955,Allen Solly,19.18222508,72.83600731,Men's Store
